participant,competency,statement,subordinate,manager,peer,average,self,subordinatecount,managercount,peercount,selfcount,participanttotalcount,participantcompletedcount,participantsuccessrate,participantsubordinatecount,participantmanagercount,participantpeercount,participantselfcount,company,survey,date,scalemax,na,1,2,3,4,5,6,7
Martina Kobilicová,Orientácia na dosahovanie výsledkov,Aktívne vyhľadáva nové príležitosti na dosahovanie výsledkov.,6.40,7.00,7.00,6.67,6.00,27,7,14,5,61,53,87,28,7,21,5,Ministerstvo financií Slovenskej republiky,360° spätná väzba pre Ministerstvo financií Slovenskej republiky,2026-06-24,7,,,,,,,,
Martina Kobilicová,Orientácia na dosahovanie výsledkov,Svojím prístupom podporuje ostatných v dosahovaní cieľov.,5.20,7.00,6.50,5.90,6.00,27,7,14,5,61,53,87,28,7,21,5,Ministerstvo financií Slovenskej republiky,360° spätná väzba pre Ministerstvo financií Slovenskej republiky,2026-06-24,7,,,,,,,,
Martina Kobilicová,Orientácia na dosahovanie výsledkov,Preberá osobnú zodpovednosť za dosiahnutie stanovených cieľov.,5.20,7.00,6.50,5.90,6.00,27,7,14,5,61,53,87,28,7,21,5,Ministerstvo financií Slovenskej republiky,360° spätná väzba pre Ministerstvo financií Slovenskej republiky,2026-06-24,7,,,,,,,,
Martina Kobilicová,Orientácia na dosahovanie výsledkov,Stanovuje priority pre dosiahnutie očakávaných výsledkov.,6.40,7.00,6.50,6.50,7.00,27,7,14,5,61,53,87,28,7,21,5,Ministerstvo financií Slovenskej republiky,360° spätná väzba pre Ministerstvo financií Slovenskej republiky,2026-06-24,7,,,,,,,,
Martina Kobilicová,Orientácia na dosahovanie výsledkov,Efektívne plánuje svoj pracovný čas.,6.67,7.00,0.00,6.75,7.00,27,7,14,5,61,53,87,28,7,21,5,Ministerstvo financií Slovenskej republiky,360° spätná väzba pre Ministerstvo financií Slovenskej republiky,2026-06-24,7,,,,,,,,
Martina Kobilicová,Orientácia na dosahovanie výsledkov,Reaguje flexibilne na meniace sa požiadavky.,6.80,7.00,6.50,6.70,7.00,27,7,14,5,61,53,87,28,7,21,5,Ministerstvo financií Slovenskej republiky,360° spätná väzba pre Ministerstvo financií Slovenskej republiky,2026-06-24,7,,,,,,,,
Martina Kobilicová,Orientácia na dosahovanie výsledkov,"Pravidelne kontroluje úlohy, ktoré vedú k dosahovaniu výsledkov.",6.80,6.00,6.00,6.44,5.00,27,7,14,5,61,53,87,28,7,21,5,Ministerstvo financií Slovenskej republiky,360° spätná väzba pre Ministerstvo financií Slovenskej republiky,2026-06-24,7,,,,,,,,
Martina Kobilicová,Orientácia na dosahovanie výsledkov,Pristupuje ku konfliktom otvorene a konštruktívne.,6.00,7.00,6.25,6.22,6.00,27,7,14,5,61,53,87,28,7,21,5,Ministerstvo financií Slovenskej republiky,360° spätná väzba pre Ministerstvo financií Slovenskej republiky,2026-06-24,7,,,,,,,,
Martina Kobilicová,Orientácia na dosahovanie výsledkov,Je vytrvalý pri prekonávaní prekážkok na ceste k dosahovaniu stanovených výsledkov.,6.40,7.00,6.75,6.60,6.00,27,7,14,5,61,53,87,28,7,21,5,Ministerstvo financií Slovenskej republiky,360° spätná väzba pre Ministerstvo financií Slovenskej republiky,2026-06-24,7,,,,,,,,
Martina Kobilicová,Tímová spolupráca,Aktívne podporuje spoluprácu medzi členmi tímu.,6.40,7.00,6.50,6.50,7.00,27,7,14,5,61,53,87,28,7,21,5,Ministerstvo financií Slovenskej republiky,360° spätná väzba pre Ministerstvo financií Slovenskej republiky,2026-06-24,7,,,,,,,,
Martina Kobilicová,Tímová spolupráca,Zdieľa informácie včas a v potrebnom rozsahu.,5.80,5.00,6.25,5.90,6.00,27,7,14,5,61,53,87,28,7,21,5,Ministerstvo financií Slovenskej republiky,360° spätná väzba pre Ministerstvo financií Slovenskej republiky,2026-06-24,7,,,,,,,,
Martina Kobilicová,Tímová spolupráca,Zapája členov tímu do rozhodovania.,5.40,6.00,6.67,5.89,7.00,27,7,14,5,61,53,87,28,7,21,5,Ministerstvo financií Slovenskej republiky,360° spätná väzba pre Ministerstvo financií Slovenskej republiky,2026-06-24,7,,,,,,,,
Martina Kobilicová,Tímová spolupráca,Zohľadňuje názory členov tímu pri rozhodovaní.,5.40,6.00,7.00,6.00,7.00,27,7,14,5,61,53,87,28,7,21,5,Ministerstvo financií Slovenskej republiky,360° spätná väzba pre Ministerstvo financií Slovenskej republiky,2026-06-24,7,,,,,,,,
Martina Kobilicová,Tímová spolupráca,Podporuje riešenie konfliktov konštruktívnym spôsobom.,5.00,7.00,6.25,5.70,7.00,27,7,14,5,61,53,87,28,7,21,5,Ministerstvo financií Slovenskej republiky,360° spätná väzba pre Ministerstvo financií Slovenskej republiky,2026-06-24,7,,,,,,,,
Martina Kobilicová,Tímová spolupráca,Otvorene komunikuje o problémoch v tíme.,5.80,5.00,6.75,6.10,6.00,27,7,14,5,61,53,87,28,7,21,5,Ministerstvo financií Slovenskej republiky,360° spätná väzba pre Ministerstvo financií Slovenskej republiky,2026-06-24,7,,,,,,,,
Martina Kobilicová,Tímová spolupráca,Hľadá riešenia problémov v prospech tímu.,5.40,7.00,6.75,6.10,6.00,27,7,14,5,61,53,87,28,7,21,5,Ministerstvo financií Slovenskej republiky,360° spätná väzba pre Ministerstvo financií Slovenskej republiky,2026-06-24,7,,,,,,,,
Martina Kobilicová,Tímová spolupráca,Rieši problémy v tíme bez odkladania.,5.80,5.00,6.75,6.10,5.00,27,7,14,5,61,53,87,28,7,21,5,Ministerstvo financií Slovenskej republiky,360° spätná väzba pre Ministerstvo financií Slovenskej republiky,2026-06-24,7,,,,,,,,
Martina Kobilicová,Tímová spolupráca,Podporuje budovanie dôvery medzi členmi tímu.,5.50,6.00,6.25,5.89,7.00,27,7,14,5,61,53,87,28,7,21,5,Ministerstvo financií Slovenskej republiky,360° spätná väzba pre Ministerstvo financií Slovenskej republiky,2026-06-24,7,,,,,,,,
Martina Kobilicová,Podpora inovácií a zmien,Aktívne prichádza s konkrétnymi nápadmi na zlepšenie fungovania tímu alebo procesov.,6.40,7.00,6.33,6.44,6.00,27,7,14,5,61,53,87,28,7,21,5,Ministerstvo financií Slovenskej republiky,360° spätná väzba pre Ministerstvo financií Slovenskej republiky,2026-06-24,7,,,,,,,,
Martina Kobilicová,Podpora inovácií a zmien,Pred rozhodnutím o zmene systematicky zvažuje možné príležitosti a ich prínos.,6.00,6.00,6.50,6.20,6.00,27,7,14,5,61,53,87,28,7,21,5,Ministerstvo financií Slovenskej republiky,360° spätná väzba pre Ministerstvo financií Slovenskej republiky,2026-06-24,7,,,,,,,,
Martina Kobilicová,Podpora inovácií a zmien,Pred rozhodnutím systematicky zvažuje riziká a možné negatívne dopady navrhovaných riešení.,6.40,6.00,6.25,6.30,7.00,27,7,14,5,61,53,87,28,7,21,5,Ministerstvo financií Slovenskej republiky,360° spätná väzba pre Ministerstvo financií Slovenskej republiky,2026-06-24,7,,,,,,,,
Martina Kobilicová,Podpora inovácií a zmien,Pri zavádzaní zmien dôsledne dodržiava dohodnuté postupy a pravidlá.,6.20,5.00,7.00,6.33,4.00,27,7,14,5,61,53,87,28,7,21,5,Ministerstvo financií Slovenskej republiky,360° spätná väzba pre Ministerstvo financií Slovenskej republiky,2026-06-24,7,,,,,,,,
Martina Kobilicová,Podpora inovácií a zmien,Preberá osobnú zodpovednosť za realizáciu zmien a ich výsledok.,6.00,7.00,6.25,6.22,6.00,27,7,14,5,61,53,87,28,7,21,5,Ministerstvo financií Slovenskej republiky,360° spätná väzba pre Ministerstvo financií Slovenskej republiky,2026-06-24,7,,,,,,,,
Martina Kobilicová,Podpora inovácií a zmien,Aktívne zapája členov tímu do realizácie zmien a podporuje ich spoluprácu.,6.20,7.00,6.00,6.22,7.00,27,7,14,5,61,53,87,28,7,21,5,Ministerstvo financií Slovenskej republiky,360° spätná väzba pre Ministerstvo financií Slovenskej republiky,2026-06-24,7,,,,,,,,
Martina Kobilicová,Podpora inovácií a zmien,Reaguje na zmeny konštruktívne a zachováva vecný prístup aj v náročných situáciách.,5.40,6.00,6.50,5.90,7.00,27,7,14,5,61,53,87,28,7,21,5,Ministerstvo financií Slovenskej republiky,360° spätná väzba pre Ministerstvo financií Slovenskej republiky,2026-06-24,7,,,,,,,,
Martina Kobilicová,Podpora inovácií a zmien,Aktívne uplatňuje nové poznatky a skúsenosti vo svojej každodennej práci.,6.67,5.00,5.50,6.00,6.00,27,7,14,5,61,53,87,28,7,21,5,Ministerstvo financií Slovenskej republiky,360° spätná väzba pre Ministerstvo financií Slovenskej republiky,2026-06-24,7,,,,,,,,
Martina Kobilicová,Podpora inovácií a zmien,Osvojuje si nové pracovné návyky a systematicky ich využíva v praxi.,6.25,6.00,6.50,6.29,5.00,27,7,14,5,61,53,87,28,7,21,5,Ministerstvo financií Slovenskej republiky,360° spätná väzba pre Ministerstvo financií Slovenskej republiky,2026-06-24,7,,,,,,,,
Martina Kobilicová,Profesionálna komunikácia,Myšlienky formuluje jasne a zrozumiteľne.,6.20,7.00,6.67,6.44,7.00,27,7,14,5,61,53,87,28,7,21,5,Ministerstvo financií Slovenskej republiky,360° spätná väzba pre Ministerstvo financií Slovenskej republiky,2026-06-24,7,,,,,,,,
Martina Kobilicová,Profesionálna komunikácia,Pri komunikácii aktívne počúva ostatných.,4.80,7.00,6.50,5.70,6.00,27,7,14,5,61,53,87,28,7,21,5,Ministerstvo financií Slovenskej republiky,360° spätná väzba pre Ministerstvo financií Slovenskej republiky,2026-06-24,7,,,,,,,,
Martina Kobilicová,Profesionálna komunikácia,Prejavuje empatiu pri komunikácii.,4.40,5.00,5.67,4.89,6.00,27,7,14,5,61,53,87,28,7,21,5,Ministerstvo financií Slovenskej republiky,360° spätná väzba pre Ministerstvo financií Slovenskej republiky,2026-06-24,7,,,,,,,,
Martina Kobilicová,Profesionálna komunikácia,Rešpektuje názory ostaných.,5.20,6.00,6.25,5.70,6.00,27,7,14,5,61,53,87,28,7,21,5,Ministerstvo financií Slovenskej republiky,360° spätná väzba pre Ministerstvo financií Slovenskej republiky,2026-06-24,7,,,,,,,,
Martina Kobilicová,Profesionálna komunikácia,Prispôsobuje spôsob komunikácie rôznym typom ľudí.,5.20,5.00,5.25,5.20,7.00,27,7,14,5,61,53,87,28,7,21,5,Ministerstvo financií Slovenskej republiky,360° spätná väzba pre Ministerstvo financií Slovenskej republiky,2026-06-24,7,,,,,,,,
Martina Kobilicová,Profesionálna komunikácia,Podkladá svoje stanoviská vecnými argumentmi.,6.60,6.00,6.25,6.40,7.00,27,7,14,5,61,53,87,28,7,21,5,Ministerstvo financií Slovenskej republiky,360° spätná väzba pre Ministerstvo financií Slovenskej republiky,2026-06-24,7,,,,,,,,
Martina Kobilicová,Profesionálna komunikácia,Vytvára konštruktívnu komunikačnú atmosféru.,4.40,7.00,6.50,5.50,6.00,27,7,14,5,61,53,87,28,7,21,5,Ministerstvo financií Slovenskej republiky,360° spätná väzba pre Ministerstvo financií Slovenskej republiky,2026-06-24,7,,,,,,,,
Martina Kobilicová,Profesionálna komunikácia,Prejavuje primeranú rozhodnosť v komunikácii.,6.60,6.00,6.50,6.50,6.00,27,7,14,5,61,53,87,28,7,21,5,Ministerstvo financií Slovenskej republiky,360° spätná väzba pre Ministerstvo financií Slovenskej republiky,2026-06-24,7,,,,,,,,
Martina Kobilicová,Profesionálna komunikácia,Prijíma spätnú väzbu bez osobného obranného postoja.,5.75,7.00,6.25,6.11,5.00,27,7,14,5,61,53,87,28,7,21,5,Ministerstvo financií Slovenskej republiky,360° spätná väzba pre Ministerstvo financií Slovenskej republiky,2026-06-24,7,,,,,,,,
Martina Kobilicová,Profesionálna komunikácia,Pri komunikácii si zachováva profesionalitu.,5.80,7.00,6.25,6.10,6.00,27,7,14,5,61,53,87,28,7,21,5,Ministerstvo financií Slovenskej republiky,360° spätná väzba pre Ministerstvo financií Slovenskej republiky,2026-06-24,7,,,,,,,,
Martina Kobilicová,Profesionálna komunikácia,Podporuje obsah komunikácie prirodzenou rečou tela.,6.25,5.00,6.00,6.00,6.00,27,7,14,5,61,53,87,28,7,21,5,Ministerstvo financií Slovenskej republiky,360° spätná väzba pre Ministerstvo financií Slovenskej republiky,2026-06-24,7,,,,,,,,
Martina Kobilicová,Profesionálna komunikácia,Pri vystupovaní pred skupinou pôsobí sebaisto a dôveryhodne.,7.00,6.00,6.50,6.70,6.00,27,7,14,5,61,53,87,28,7,21,5,Ministerstvo financií Slovenskej republiky,360° spätná väzba pre Ministerstvo financií Slovenskej republiky,2026-06-24,7,,,,,,,,
Martina Kobilicová,Zlepšovanie sa a napredovanie,Vie správne analyzovať a interpretovať potrebné dáta a informácie.,6.80,6.00,5.33,6.22,6.00,27,7,14,5,61,53,87,28,7,21,5,Ministerstvo financií Slovenskej republiky,360° spätná väzba pre Ministerstvo financií Slovenskej republiky,2026-06-24,7,,,,,,,,
Martina Kobilicová,Zlepšovanie sa a napredovanie,V odbornosti je príkladom pre ostatných.,6.20,7.00,6.33,6.33,5.00,27,7,14,5,61,53,87,28,7,21,5,Ministerstvo financií Slovenskej republiky,360° spätná väzba pre Ministerstvo financií Slovenskej republiky,2026-06-24,7,,,,,,,,
Martina Kobilicová,Zlepšovanie sa a napredovanie,Zdieľa odborné informácie s kolegami.,6.50,6.00,6.50,6.44,6.00,27,7,14,5,61,53,87,28,7,21,5,Ministerstvo financií Slovenskej republiky,360° spätná väzba pre Ministerstvo financií Slovenskej republiky,2026-06-24,7,,,,,,,,
Martina Kobilicová,Zlepšovanie sa a napredovanie,Stanovuje si náročné pracovné ciele.,6.75,6.00,6.33,6.50,5.00,27,7,14,5,61,53,87,28,7,21,5,Ministerstvo financií Slovenskej republiky,360° spätná väzba pre Ministerstvo financií Slovenskej republiky,2026-06-24,7,,,,,,,,
Martina Kobilicová,Zlepšovanie sa a napredovanie,"Má primeranú sebareflexiu, pozná svoje silné a slabé stránky.",5.67,6.00,6.25,6.00,7.00,27,7,14,5,61,53,87,28,7,21,5,Ministerstvo financií Slovenskej republiky,360° spätná väzba pre Ministerstvo financií Slovenskej republiky,2026-06-24,7,,,,,,,,
Martina Kobilicová,Zlepšovanie sa a napredovanie,Pravidelne si plánuje aktivity zamerané na vlastný rozvoj.,6.75,5.00,4.67,5.75,7.00,27,7,14,5,61,53,87,28,7,21,5,Ministerstvo financií Slovenskej republiky,360° spätná väzba pre Ministerstvo financií Slovenskej republiky,2026-06-24,7,,,,,,,,
Martina Kobilicová,Zlepšovanie sa a napredovanie,Vo svojej práci sa učí sa z chýb.,6.33,6.00,6.00,6.14,7.00,27,7,14,5,61,53,87,28,7,21,5,Ministerstvo financií Slovenskej republiky,360° spätná väzba pre Ministerstvo financií Slovenskej republiky,2026-06-24,7,,,,,,,,
Martina Kobilicová,Zlepšovanie sa a napredovanie,Vyhodnocuje pravidelne svoje pracovné výsledky.,6.67,6.00,4.33,5.57,6.00,27,7,14,5,61,53,87,28,7,21,5,Ministerstvo financií Slovenskej republiky,360° spätná väzba pre Ministerstvo financií Slovenskej republiky,2026-06-24,7,,,,,,,,
Martina Kobilicová,Zlepšovanie sa a napredovanie,Vyhľadáva a aktívne si pýta spätnú väzbu od ostatných.,4.40,0.00,6.00,5.00,5.00,27,7,14,5,61,53,87,28,7,21,5,Ministerstvo financií Slovenskej republiky,360° spätná väzba pre Ministerstvo financií Slovenskej republiky,2026-06-24,7,,,,,,,,
Martina Kobilicová,Zlepšovanie sa a napredovanie,Je otvorený kritike.,5.20,5.00,6.75,5.80,5.00,27,7,14,5,61,53,87,28,7,21,5,Ministerstvo financií Slovenskej republiky,360° spätná väzba pre Ministerstvo financií Slovenskej republiky,2026-06-24,7,,,,,,,,
Martina Kobilicová,Zlepšovanie sa a napredovanie,Využíva spätnú väzbu k svojmu zlepšovaniu.,5.50,6.00,6.50,6.14,6.00,27,7,14,5,61,53,87,28,7,21,5,Ministerstvo financií Slovenskej republiky,360° spätná väzba pre Ministerstvo financií Slovenskej republiky,2026-06-24,7,,,,,,,,
Martina Kobilicová,Vedenie ľudí,Zameriava tím na kľúčové aktivity s najväčším dopadom.,6.00,6.00,5.67,5.89,7.00,27,7,14,5,61,53,87,28,7,21,5,Ministerstvo financií Slovenskej republiky,360° spätná väzba pre Ministerstvo financií Slovenskej republiky,2026-06-24,7,,,,,,,,
Martina Kobilicová,Vedenie ľudí,"Vedie tím k napĺňaniu cieľov, motivuje ho k požadovným výkonom.",6.40,6.00,5.75,6.10,5.00,27,7,14,5,61,53,87,28,7,21,5,Ministerstvo financií Slovenskej republiky,360° spätná väzba pre Ministerstvo financií Slovenskej republiky,2026-06-24,7,,,,,,,,
Martina Kobilicová,Vedenie ľudí,Vie efektívne delegovať úlohy a s nimi súvisiacu zodpovednosť členom tímu.,6.40,7.00,5.67,6.22,7.00,27,7,14,5,61,53,87,28,7,21,5,Ministerstvo financií Slovenskej republiky,360° spätná väzba pre Ministerstvo financií Slovenskej republiky,2026-06-24,7,,,,,,,,
Martina Kobilicová,Vedenie ľudí,"Je tímový hráč, rozvíja tímového ducha u ostatných.",5.00,7.00,6.50,5.80,6.00,27,7,14,5,61,53,87,28,7,21,5,Ministerstvo financií Slovenskej republiky,360° spätná väzba pre Ministerstvo financií Slovenskej republiky,2026-06-24,7,,,,,,,,
Martina Kobilicová,Vedenie ľudí,"Je neformálnou autoritou, ľudia ho vyhľadávajú ak potrebujú pomôcť.",5.60,5.00,6.67,5.89,7.00,27,7,14,5,61,53,87,28,7,21,5,Ministerstvo financií Slovenskej republiky,360° spätná väzba pre Ministerstvo financií Slovenskej republiky,2026-06-24,7,,,,,,,,
Martina Kobilicová,Vedenie ľudí,Inšpiruje ostatných svojím prístupom.,5.00,7.00,6.67,5.78,6.00,27,7,14,5,61,53,87,28,7,21,5,Ministerstvo financií Slovenskej republiky,360° spätná väzba pre Ministerstvo financií Slovenskej republiky,2026-06-24,7,,,,,,,,
Martina Kobilicová,Vedenie ľudí,"Je presvedčivý líder, ľudia ho nasledujú.",5.40,5.00,6.67,5.78,6.00,27,7,14,5,61,53,87,28,7,21,5,Ministerstvo financií Slovenskej republiky,360° spätná väzba pre Ministerstvo financií Slovenskej republiky,2026-06-24,7,,,,,,,,
Martina Kobilicová,Vedenie ľudí,"Vie rozpoznať potenciál, talent a zručnosti členov svojho tímu.",6.20,7.00,6.00,6.22,7.00,27,7,14,5,61,53,87,28,7,21,5,Ministerstvo financií Slovenskej republiky,360° spätná väzba pre Ministerstvo financií Slovenskej republiky,2026-06-24,7,,,,,,,,
Martina Kobilicová,Vedenie ľudí,Rozvíja svojich ľudí prostredníctvom stanovenia náročných cieľov.,5.80,6.00,6.50,6.00,6.00,27,7,14,5,61,53,87,28,7,21,5,Ministerstvo financií Slovenskej republiky,360° spätná väzba pre Ministerstvo financií Slovenskej republiky,2026-06-24,7,,,,,,,,
Martina Kobilicová,Vedenie ľudí,Poskytuje pravidelnú spätnú väzbu členom tímu.,5.80,5.00,5.33,5.56,4.00,27,7,14,5,61,53,87,28,7,21,5,Ministerstvo financií Slovenskej republiky,360° spätná väzba pre Ministerstvo financií Slovenskej republiky,2026-06-24,7,,,,,,,,
Martina Kobilicová,Vedenie ľudí,Hodnotí výkon členov tímu spravodlivo.,5.25,6.00,6.33,5.75,5.00,27,7,14,5,61,53,87,28,7,21,5,Ministerstvo financií Slovenskej republiky,360° spätná väzba pre Ministerstvo financií Slovenskej republiky,2026-06-24,7,,,,,,,,
František Novotný,Orientácia na dosahovanie výsledkov,Aktívne vyhľadáva nové príležitosti na dosahovanie výsledkov.,6.33,6.00,5.67,6.10,6.00,27,7,14,5,61,53,87,28,7,21,5,Ministerstvo financií Slovenskej republiky,360° spätná väzba pre Ministerstvo financií Slovenskej republiky,2026-06-24,7,,,,,,,,
František Novotný,Orientácia na dosahovanie výsledkov,Svojím prístupom podporuje ostatných v dosahovaní cieľov.,6.67,7.00,6.25,6.55,6.00,27,7,14,5,61,53,87,28,7,21,5,Ministerstvo financií Slovenskej republiky,360° spätná väzba pre Ministerstvo financií Slovenskej republiky,2026-06-24,7,,,,,,,,
František Novotný,Orientácia na dosahovanie výsledkov,Preberá osobnú zodpovednosť za dosiahnutie stanovených cieľov.,6.83,7.00,6.50,6.73,6.00,27,7,14,5,61,53,87,28,7,21,5,Ministerstvo financií Slovenskej republiky,360° spätná väzba pre Ministerstvo financií Slovenskej republiky,2026-06-24,7,,,,,,,,
František Novotný,Orientácia na dosahovanie výsledkov,Stanovuje priority pre dosiahnutie očakávaných výsledkov.,6.33,5.00,6.00,6.10,6.00,27,7,14,5,61,53,87,28,7,21,5,Ministerstvo financií Slovenskej republiky,360° spätná väzba pre Ministerstvo financií Slovenskej republiky,2026-06-24,7,,,,,,,,
František Novotný,Orientácia na dosahovanie výsledkov,Efektívne plánuje svoj pracovný čas.,5.40,4.00,5.00,5.11,4.00,27,7,14,5,61,53,87,28,7,21,5,Ministerstvo financií Slovenskej republiky,360° spätná väzba pre Ministerstvo financií Slovenskej republiky,2026-06-24,7,,,,,,,,
František Novotný,Orientácia na dosahovanie výsledkov,Reaguje flexibilne na meniace sa požiadavky.,6.67,6.00,6.75,6.64,5.00,27,7,14,5,61,53,87,28,7,21,5,Ministerstvo financií Slovenskej republiky,360° spätná väzba pre Ministerstvo financií Slovenskej republiky,2026-06-24,7,,,,,,,,
František Novotný,Orientácia na dosahovanie výsledkov,"Pravidelne kontroluje úlohy, ktoré vedú k dosahovaniu výsledkov.",6.17,0.00,6.67,6.33,6.00,27,7,14,5,61,53,87,28,7,21,5,Ministerstvo financií Slovenskej republiky,360° spätná väzba pre Ministerstvo financií Slovenskej republiky,2026-06-24,7,,,,,,,,
František Novotný,Orientácia na dosahovanie výsledkov,Pristupuje ku konfliktom otvorene a konštruktívne.,6.50,7.00,7.00,6.70,6.00,27,7,14,5,61,53,87,28,7,21,5,Ministerstvo financií Slovenskej republiky,360° spätná väzba pre Ministerstvo financií Slovenskej republiky,2026-06-24,7,,,,,,,,
František Novotný,Orientácia na dosahovanie výsledkov,Je vytrvalý pri prekonávaní prekážkok na ceste k dosahovaniu stanovených výsledkov.,6.50,7.00,6.25,6.45,6.00,27,7,14,5,61,53,87,28,7,21,5,Ministerstvo financií Slovenskej republiky,360° spätná väzba pre Ministerstvo financií Slovenskej republiky,2026-06-24,7,,,,,,,,
František Novotný,Tímová spolupráca,Aktívne podporuje spoluprácu medzi členmi tímu.,6.00,7.00,6.33,6.20,7.00,27,7,14,5,61,53,87,28,7,21,5,Ministerstvo financií Slovenskej republiky,360° spätná väzba pre Ministerstvo financií Slovenskej republiky,2026-06-24,7,,,,,,,,
František Novotný,Tímová spolupráca,Zdieľa informácie včas a v potrebnom rozsahu.,6.33,6.00,6.75,6.45,6.00,27,7,14,5,61,53,87,28,7,21,5,Ministerstvo financií Slovenskej republiky,360° spätná väzba pre Ministerstvo financií Slovenskej republiky,2026-06-24,7,,,,,,,,
František Novotný,Tímová spolupráca,Zapája členov tímu do rozhodovania.,6.17,6.00,7.00,6.40,6.00,27,7,14,5,61,53,87,28,7,21,5,Ministerstvo financií Slovenskej republiky,360° spätná väzba pre Ministerstvo financií Slovenskej republiky,2026-06-24,7,,,,,,,,
František Novotný,Tímová spolupráca,Zohľadňuje názory členov tímu pri rozhodovaní.,6.33,6.00,6.50,6.36,5.00,27,7,14,5,61,53,87,28,7,21,5,Ministerstvo financií Slovenskej republiky,360° spätná väzba pre Ministerstvo financií Slovenskej republiky,2026-06-24,7,,,,,,,,
František Novotný,Tímová spolupráca,Podporuje riešenie konfliktov konštruktívnym spôsobom.,6.67,7.00,6.00,6.50,6.00,27,7,14,5,61,53,87,28,7,21,5,Ministerstvo financií Slovenskej republiky,360° spätná väzba pre Ministerstvo financií Slovenskej republiky,2026-06-24,7,,,,,,,,
František Novotný,Tímová spolupráca,Otvorene komunikuje o problémoch v tíme.,6.17,0.00,6.67,6.33,5.00,27,7,14,5,61,53,87,28,7,21,5,Ministerstvo financií Slovenskej republiky,360° spätná väzba pre Ministerstvo financií Slovenskej republiky,2026-06-24,7,,,,,,,,
František Novotný,Tímová spolupráca,Hľadá riešenia problémov v prospech tímu.,6.50,7.00,6.50,6.55,6.00,27,7,14,5,61,53,87,28,7,21,5,Ministerstvo financií Slovenskej republiky,360° spätná väzba pre Ministerstvo financií Slovenskej republiky,2026-06-24,7,,,,,,,,
František Novotný,Tímová spolupráca,Rieši problémy v tíme bez odkladania.,6.50,5.00,6.25,6.27,7.00,27,7,14,5,61,53,87,28,7,21,5,Ministerstvo financií Slovenskej republiky,360° spätná väzba pre Ministerstvo financií Slovenskej republiky,2026-06-24,7,,,,,,,,
František Novotný,Tímová spolupráca,Podporuje budovanie dôvery medzi členmi tímu.,6.50,7.00,6.00,6.44,7.00,27,7,14,5,61,53,87,28,7,21,5,Ministerstvo financií Slovenskej republiky,360° spätná väzba pre Ministerstvo financií Slovenskej republiky,2026-06-24,7,,,,,,,,
František Novotný,Podpora inovácií a zmien,Aktívne prichádza s konkrétnymi nápadmi na zlepšenie fungovania tímu alebo procesov.,6.17,6.00,5.75,6.00,5.00,27,7,14,5,61,53,87,28,7,21,5,Ministerstvo financií Slovenskej republiky,360° spätná väzba pre Ministerstvo financií Slovenskej republiky,2026-06-24,7,,,,,,,,
František Novotný,Podpora inovácií a zmien,Pred rozhodnutím o zmene systematicky zvažuje možné príležitosti a ich prínos.,6.50,6.00,6.00,6.27,7.00,27,7,14,5,61,53,87,28,7,21,5,Ministerstvo financií Slovenskej republiky,360° spätná väzba pre Ministerstvo financií Slovenskej republiky,2026-06-24,7,,,,,,,,
František Novotný,Podpora inovácií a zmien,Pred rozhodnutím systematicky zvažuje riziká a možné negatívne dopady navrhovaných riešení.,6.33,6.00,6.25,6.27,7.00,27,7,14,5,61,53,87,28,7,21,5,Ministerstvo financií Slovenskej republiky,360° spätná väzba pre Ministerstvo financií Slovenskej republiky,2026-06-24,7,,,,,,,,
František Novotný,Podpora inovácií a zmien,Pri zavádzaní zmien dôsledne dodržiava dohodnuté postupy a pravidlá.,6.33,6.00,6.25,6.27,6.00,27,7,14,5,61,53,87,28,7,21,5,Ministerstvo financií Slovenskej republiky,360° spätná väzba pre Ministerstvo financií Slovenskej republiky,2026-06-24,7,,,,,,,,
František Novotný,Podpora inovácií a zmien,Preberá osobnú zodpovednosť za realizáciu zmien a ich výsledok.,6.17,7.00,6.50,6.36,6.00,27,7,14,5,61,53,87,28,7,21,5,Ministerstvo financií Slovenskej republiky,360° spätná väzba pre Ministerstvo financií Slovenskej republiky,2026-06-24,7,,,,,,,,
František Novotný,Podpora inovácií a zmien,Aktívne zapája členov tímu do realizácie zmien a podporuje ich spoluprácu.,6.00,6.00,6.00,6.00,5.00,27,7,14,5,61,53,87,28,7,21,5,Ministerstvo financií Slovenskej republiky,360° spätná väzba pre Ministerstvo financií Slovenskej republiky,2026-06-24,7,,,,,,,,
František Novotný,Podpora inovácií a zmien,Reaguje na zmeny konštruktívne a zachováva vecný prístup aj v náročných situáciách.,6.33,6.00,5.75,6.09,3.00,27,7,14,5,61,53,87,28,7,21,5,Ministerstvo financií Slovenskej republiky,360° spätná väzba pre Ministerstvo financií Slovenskej republiky,2026-06-24,7,,,,,,,,
František Novotný,Podpora inovácií a zmien,Aktívne uplatňuje nové poznatky a skúsenosti vo svojej každodennej práci.,6.25,6.00,6.00,6.11,5.00,27,7,14,5,61,53,87,28,7,21,5,Ministerstvo financií Slovenskej republiky,360° spätná väzba pre Ministerstvo financií Slovenskej republiky,2026-06-24,7,,,,,,,,
František Novotný,Podpora inovácií a zmien,Osvojuje si nové pracovné návyky a systematicky ich využíva v praxi.,5.75,6.00,6.25,6.00,0.00,27,7,14,5,61,53,87,28,7,21,5,Ministerstvo financií Slovenskej republiky,360° spätná väzba pre Ministerstvo financií Slovenskej republiky,2026-06-24,7,,,,,,,,
František Novotný,Profesionálna komunikácia,Myšlienky formuluje jasne a zrozumiteľne.,6.17,7.00,6.00,6.18,4.00,27,7,14,5,61,53,87,28,7,21,5,Ministerstvo financií Slovenskej republiky,360° spätná väzba pre Ministerstvo financií Slovenskej republiky,2026-06-24,7,,,,,,,,
František Novotný,Profesionálna komunikácia,Pri komunikácii aktívne počúva ostatných.,6.33,7.00,6.75,6.55,6.00,27,7,14,5,61,53,87,28,7,21,5,Ministerstvo financií Slovenskej republiky,360° spätná väzba pre Ministerstvo financií Slovenskej republiky,2026-06-24,7,,,,,,,,
František Novotný,Profesionálna komunikácia,Prejavuje empatiu pri komunikácii.,6.50,7.00,6.75,6.64,6.00,27,7,14,5,61,53,87,28,7,21,5,Ministerstvo financií Slovenskej republiky,360° spätná väzba pre Ministerstvo financií Slovenskej republiky,2026-06-24,7,,,,,,,,
František Novotný,Profesionálna komunikácia,Rešpektuje názory ostaných.,6.50,7.00,6.75,6.64,6.00,27,7,14,5,61,53,87,28,7,21,5,Ministerstvo financií Slovenskej republiky,360° spätná väzba pre Ministerstvo financií Slovenskej republiky,2026-06-24,7,,,,,,,,
František Novotný,Profesionálna komunikácia,Prispôsobuje spôsob komunikácie rôznym typom ľudí.,6.33,6.00,5.67,6.10,6.00,27,7,14,5,61,53,87,28,7,21,5,Ministerstvo financií Slovenskej republiky,360° spätná väzba pre Ministerstvo financií Slovenskej republiky,2026-06-24,7,,,,,,,,
František Novotný,Profesionálna komunikácia,Podkladá svoje stanoviská vecnými argumentmi.,6.50,7.00,6.25,6.45,6.00,27,7,14,5,61,53,87,28,7,21,5,Ministerstvo financií Slovenskej republiky,360° spätná väzba pre Ministerstvo financií Slovenskej republiky,2026-06-24,7,,,,,,,,
František Novotný,Profesionálna komunikácia,Vytvára konštruktívnu komunikačnú atmosféru.,6.33,7.00,6.50,6.45,6.00,27,7,14,5,61,53,87,28,7,21,5,Ministerstvo financií Slovenskej republiky,360° spätná väzba pre Ministerstvo financií Slovenskej republiky,2026-06-24,7,,,,,,,,
František Novotný,Profesionálna komunikácia,Prejavuje primeranú rozhodnosť v komunikácii.,5.83,5.00,6.00,5.82,2.00,27,7,14,5,61,53,87,28,7,21,5,Ministerstvo financií Slovenskej republiky,360° spätná väzba pre Ministerstvo financií Slovenskej republiky,2026-06-24,7,,,,,,,,
František Novotný,Profesionálna komunikácia,Prijíma spätnú väzbu bez osobného obranného postoja.,6.00,6.00,6.33,6.10,0.00,27,7,14,5,61,53,87,28,7,21,5,Ministerstvo financií Slovenskej republiky,360° spätná väzba pre Ministerstvo financií Slovenskej republiky,2026-06-24,7,,,,,,,,
František Novotný,Profesionálna komunikácia,Pri komunikácii si zachováva profesionalitu.,6.33,7.00,6.75,6.55,7.00,27,7,14,5,61,53,87,28,7,21,5,Ministerstvo financií Slovenskej republiky,360° spätná väzba pre Ministerstvo financií Slovenskej republiky,2026-06-24,7,,,,,,,,
František Novotný,Profesionálna komunikácia,Podporuje obsah komunikácie prirodzenou rečou tela.,5.67,6.00,6.67,6.00,6.00,27,7,14,5,61,53,87,28,7,21,5,Ministerstvo financií Slovenskej republiky,360° spätná väzba pre Ministerstvo financií Slovenskej republiky,2026-06-24,7,,,,,,,,
František Novotný,Profesionálna komunikácia,Pri vystupovaní pred skupinou pôsobí sebaisto a dôveryhodne.,5.67,6.00,6.00,5.82,3.00,27,7,14,5,61,53,87,28,7,21,5,Ministerstvo financií Slovenskej republiky,360° spätná väzba pre Ministerstvo financií Slovenskej republiky,2026-06-24,7,,,,,,,,
František Novotný,Zlepšovanie sa a napredovanie,Vie správne analyzovať a interpretovať potrebné dáta a informácie.,6.67,7.00,6.25,6.55,6.00,27,7,14,5,61,53,87,28,7,21,5,Ministerstvo financií Slovenskej republiky,360° spätná väzba pre Ministerstvo financií Slovenskej republiky,2026-06-24,7,,,,,,,,
František Novotný,Zlepšovanie sa a napredovanie,V odbornosti je príkladom pre ostatných.,6.67,7.00,6.33,6.60,6.00,27,7,14,5,61,53,87,28,7,21,5,Ministerstvo financií Slovenskej republiky,360° spätná väzba pre Ministerstvo financií Slovenskej republiky,2026-06-24,7,,,,,,,,
František Novotný,Zlepšovanie sa a napredovanie,Zdieľa odborné informácie s kolegami.,6.50,7.00,6.75,6.64,5.00,27,7,14,5,61,53,87,28,7,21,5,Ministerstvo financií Slovenskej republiky,360° spätná väzba pre Ministerstvo financií Slovenskej republiky,2026-06-24,7,,,,,,,,
František Novotný,Zlepšovanie sa a napredovanie,Stanovuje si náročné pracovné ciele.,6.20,6.00,6.00,6.13,7.00,27,7,14,5,61,53,87,28,7,21,5,Ministerstvo financií Slovenskej republiky,360° spätná väzba pre Ministerstvo financií Slovenskej republiky,2026-06-24,7,,,,,,,,
František Novotný,Zlepšovanie sa a napredovanie,"Má primeranú sebareflexiu, pozná svoje silné a slabé stránky.",6.17,7.00,7.00,6.50,4.00,27,7,14,5,61,53,87,28,7,21,5,Ministerstvo financií Slovenskej republiky,360° spätná väzba pre Ministerstvo financií Slovenskej republiky,2026-06-24,7,,,,,,,,
František Novotný,Zlepšovanie sa a napredovanie,Pravidelne si plánuje aktivity zamerané na vlastný rozvoj.,5.80,0.00,7.00,6.14,6.00,27,7,14,5,61,53,87,28,7,21,5,Ministerstvo financií Slovenskej republiky,360° spätná väzba pre Ministerstvo financií Slovenskej republiky,2026-06-24,7,,,,,,,,
František Novotný,Zlepšovanie sa a napredovanie,Vo svojej práci sa učí sa z chýb.,6.40,7.00,7.00,6.57,5.00,27,7,14,5,61,53,87,28,7,21,5,Ministerstvo financií Slovenskej republiky,360° spätná väzba pre Ministerstvo financií Slovenskej republiky,2026-06-24,7,,,,,,,,
František Novotný,Zlepšovanie sa a napredovanie,Vyhodnocuje pravidelne svoje pracovné výsledky.,6.20,0.00,0.00,6.20,6.00,27,7,14,5,61,53,87,28,7,21,5,Ministerstvo financií Slovenskej republiky,360° spätná väzba pre Ministerstvo financií Slovenskej republiky,2026-06-24,7,,,,,,,,
František Novotný,Zlepšovanie sa a napredovanie,Vyhľadáva a aktívne si pýta spätnú väzbu od ostatných.,5.83,6.00,6.00,5.90,5.00,27,7,14,5,61,53,87,28,7,21,5,Ministerstvo financií Slovenskej republiky,360° spätná väzba pre Ministerstvo financií Slovenskej republiky,2026-06-24,7,,,,,,,,
František Novotný,Zlepšovanie sa a napredovanie,Je otvorený kritike.,6.00,6.00,7.00,6.22,5.00,27,7,14,5,61,53,87,28,7,21,5,Ministerstvo financií Slovenskej republiky,360° spätná väzba pre Ministerstvo financií Slovenskej republiky,2026-06-24,7,,,,,,,,
František Novotný,Zlepšovanie sa a napredovanie,Využíva spätnú väzbu k svojmu zlepšovaniu.,6.00,6.00,7.00,6.17,5.00,27,7,14,5,61,53,87,28,7,21,5,Ministerstvo financií Slovenskej republiky,360° spätná väzba pre Ministerstvo financií Slovenskej republiky,2026-06-24,7,,,,,,,,
František Novotný,Vedenie ľudí,Zameriava tím na kľúčové aktivity s najväčším dopadom.,5.83,4.00,5.33,5.50,5.00,27,7,14,5,61,53,87,28,7,21,5,Ministerstvo financií Slovenskej republiky,360° spätná väzba pre Ministerstvo financií Slovenskej republiky,2026-06-24,7,,,,,,,,
František Novotný,Vedenie ľudí,"Vedie tím k napĺňaniu cieľov, motivuje ho k požadovným výkonom.",6.00,6.00,6.50,6.11,6.00,27,7,14,5,61,53,87,28,7,21,5,Ministerstvo financií Slovenskej republiky,360° spätná väzba pre Ministerstvo financií Slovenskej republiky,2026-06-24,7,,,,,,,,
František Novotný,Vedenie ľudí,Vie efektívne delegovať úlohy a s nimi súvisiacu zodpovednosť členom tímu.,5.17,5.00,5.00,5.11,3.00,27,7,14,5,61,53,87,28,7,21,5,Ministerstvo financií Slovenskej republiky,360° spätná väzba pre Ministerstvo financií Slovenskej republiky,2026-06-24,7,,,,,,,,
František Novotný,Vedenie ľudí,"Je tímový hráč, rozvíja tímového ducha u ostatných.",6.00,7.00,6.67,6.30,7.00,27,7,14,5,61,53,87,28,7,21,5,Ministerstvo financií Slovenskej republiky,360° spätná väzba pre Ministerstvo financií Slovenskej republiky,2026-06-24,7,,,,,,,,
František Novotný,Vedenie ľudí,"Je neformálnou autoritou, ľudia ho vyhľadávajú ak potrebujú pomôcť.",6.17,7.00,6.00,6.22,6.00,27,7,14,5,61,53,87,28,7,21,5,Ministerstvo financií Slovenskej republiky,360° spätná väzba pre Ministerstvo financií Slovenskej republiky,2026-06-24,7,,,,,,,,
František Novotný,Vedenie ľudí,Inšpiruje ostatných svojím prístupom.,6.00,7.00,6.00,6.13,6.00,27,7,14,5,61,53,87,28,7,21,5,Ministerstvo financií Slovenskej republiky,360° spätná väzba pre Ministerstvo financií Slovenskej republiky,2026-06-24,7,,,,,,,,
František Novotný,Vedenie ľudí,"Je presvedčivý líder, ľudia ho nasledujú.",5.83,6.00,3.00,5.50,6.00,27,7,14,5,61,53,87,28,7,21,5,Ministerstvo financií Slovenskej republiky,360° spätná väzba pre Ministerstvo financií Slovenskej republiky,2026-06-24,7,,,,,,,,
František Novotný,Vedenie ľudí,"Vie rozpoznať potenciál, talent a zručnosti členov svojho tímu.",5.83,7.00,5.00,5.88,6.00,27,7,14,5,61,53,87,28,7,21,5,Ministerstvo financií Slovenskej republiky,360° spätná väzba pre Ministerstvo financií Slovenskej republiky,2026-06-24,7,,,,,,,,
František Novotný,Vedenie ľudí,Rozvíja svojich ľudí prostredníctvom stanovenia náročných cieľov.,5.50,6.00,0.00,5.57,6.00,27,7,14,5,61,53,87,28,7,21,5,Ministerstvo financií Slovenskej republiky,360° spätná väzba pre Ministerstvo financií Slovenskej republiky,2026-06-24,7,,,,,,,,
František Novotný,Vedenie ľudí,Poskytuje pravidelnú spätnú väzbu členom tímu.,6.00,0.00,7.00,6.14,5.00,27,7,14,5,61,53,87,28,7,21,5,Ministerstvo financií Slovenskej republiky,360° spätná väzba pre Ministerstvo financií Slovenskej republiky,2026-06-24,7,,,,,,,,
František Novotný,Vedenie ľudí,Hodnotí výkon členov tímu spravodlivo.,6.00,6.00,0.00,6.00,6.00,27,7,14,5,61,53,87,28,7,21,5,Ministerstvo financií Slovenskej republiky,360° spätná väzba pre Ministerstvo financií Slovenskej republiky,2026-06-24,7,,,,,,,,
Martin Spiritza,Orientácia na dosahovanie výsledkov,Aktívne vyhľadáva nové príležitosti na dosahovanie výsledkov.,6.75,5.00,4.00,6.00,5.00,27,7,14,5,61,53,87,28,7,21,5,Ministerstvo financií Slovenskej republiky,360° spätná väzba pre Ministerstvo financií Slovenskej republiky,2026-06-24,7,,,,,,,,
Martin Spiritza,Orientácia na dosahovanie výsledkov,Svojím prístupom podporuje ostatných v dosahovaní cieľov.,6.67,5.00,6.50,6.44,5.00,27,7,14,5,61,53,87,28,7,21,5,Ministerstvo financií Slovenskej republiky,360° spätná väzba pre Ministerstvo financií Slovenskej republiky,2026-06-24,7,,,,,,,,
Martin Spiritza,Orientácia na dosahovanie výsledkov,Preberá osobnú zodpovednosť za dosiahnutie stanovených cieľov.,6.67,7.00,6.00,6.63,6.00,27,7,14,5,61,53,87,28,7,21,5,Ministerstvo financií Slovenskej republiky,360° spätná väzba pre Ministerstvo financií Slovenskej republiky,2026-06-24,7,,,,,,,,
Martin Spiritza,Orientácia na dosahovanie výsledkov,Stanovuje priority pre dosiahnutie očakávaných výsledkov.,6.67,5.00,6.00,6.38,5.00,27,7,14,5,61,53,87,28,7,21,5,Ministerstvo financií Slovenskej republiky,360° spätná väzba pre Ministerstvo financií Slovenskej republiky,2026-06-24,7,,,,,,,,
Martin Spiritza,Orientácia na dosahovanie výsledkov,Efektívne plánuje svoj pracovný čas.,6.00,0.00,4.00,5.67,6.00,27,7,14,5,61,53,87,28,7,21,5,Ministerstvo financií Slovenskej republiky,360° spätná väzba pre Ministerstvo financií Slovenskej republiky,2026-06-24,7,,,,,,,,
Martin Spiritza,Orientácia na dosahovanie výsledkov,Reaguje flexibilne na meniace sa požiadavky.,6.83,7.00,6.00,6.67,2.00,27,7,14,5,61,53,87,28,7,21,5,Ministerstvo financií Slovenskej republiky,360° spätná väzba pre Ministerstvo financií Slovenskej republiky,2026-06-24,7,,,,,,,,
Martin Spiritza,Orientácia na dosahovanie výsledkov,"Pravidelne kontroluje úlohy, ktoré vedú k dosahovaniu výsledkov.",5.83,0.00,5.00,5.63,5.00,27,7,14,5,61,53,87,28,7,21,5,Ministerstvo financií Slovenskej republiky,360° spätná väzba pre Ministerstvo financií Slovenskej republiky,2026-06-24,7,,,,,,,,
Martin Spiritza,Orientácia na dosahovanie výsledkov,Pristupuje ku konfliktom otvorene a konštruktívne.,6.40,6.00,6.50,6.38,6.00,27,7,14,5,61,53,87,28,7,21,5,Ministerstvo financií Slovenskej republiky,360° spätná väzba pre Ministerstvo financií Slovenskej republiky,2026-06-24,7,,,,,,,,
Martin Spiritza,Orientácia na dosahovanie výsledkov,Je vytrvalý pri prekonávaní prekážkok na ceste k dosahovaniu stanovených výsledkov.,6.67,6.00,5.00,6.22,6.00,27,7,14,5,61,53,87,28,7,21,5,Ministerstvo financií Slovenskej republiky,360° spätná väzba pre Ministerstvo financií Slovenskej republiky,2026-06-24,7,,,,,,,,
Martin Spiritza,Tímová spolupráca,Aktívne podporuje spoluprácu medzi členmi tímu.,6.80,6.00,7.00,6.75,6.00,27,7,14,5,61,53,87,28,7,21,5,Ministerstvo financií Slovenskej republiky,360° spätná väzba pre Ministerstvo financií Slovenskej republiky,2026-06-24,7,,,,,,,,
Martin Spiritza,Tímová spolupráca,Zdieľa informácie včas a v potrebnom rozsahu.,6.50,6.00,5.50,6.22,6.00,27,7,14,5,61,53,87,28,7,21,5,Ministerstvo financií Slovenskej republiky,360° spätná väzba pre Ministerstvo financií Slovenskej republiky,2026-06-24,7,,,,,,,,
Martin Spiritza,Tímová spolupráca,Zapája členov tímu do rozhodovania.,6.83,6.00,7.00,6.78,5.00,27,7,14,5,61,53,87,28,7,21,5,Ministerstvo financií Slovenskej republiky,360° spätná väzba pre Ministerstvo financií Slovenskej republiky,2026-06-24,7,,,,,,,,
Martin Spiritza,Tímová spolupráca,Zohľadňuje názory členov tímu pri rozhodovaní.,7.00,6.00,6.00,6.75,6.00,27,7,14,5,61,53,87,28,7,21,5,Ministerstvo financií Slovenskej republiky,360° spätná väzba pre Ministerstvo financií Slovenskej republiky,2026-06-24,7,,,,,,,,
Martin Spiritza,Tímová spolupráca,Podporuje riešenie konfliktov konštruktívnym spôsobom.,6.80,7.00,7.00,6.88,7.00,27,7,14,5,61,53,87,28,7,21,5,Ministerstvo financií Slovenskej republiky,360° spätná väzba pre Ministerstvo financií Slovenskej republiky,2026-06-24,7,,,,,,,,
Martin Spiritza,Tímová spolupráca,Otvorene komunikuje o problémoch v tíme.,6.50,0.00,6.50,6.50,6.00,27,7,14,5,61,53,87,28,7,21,5,Ministerstvo financií Slovenskej republiky,360° spätná väzba pre Ministerstvo financií Slovenskej republiky,2026-06-24,7,,,,,,,,
Martin Spiritza,Tímová spolupráca,Hľadá riešenia problémov v prospech tímu.,6.83,6.00,6.50,6.67,6.00,27,7,14,5,61,53,87,28,7,21,5,Ministerstvo financií Slovenskej republiky,360° spätná väzba pre Ministerstvo financií Slovenskej republiky,2026-06-24,7,,,,,,,,
Martin Spiritza,Tímová spolupráca,Rieši problémy v tíme bez odkladania.,6.17,0.00,5.50,6.00,2.00,27,7,14,5,61,53,87,28,7,21,5,Ministerstvo financií Slovenskej republiky,360° spätná väzba pre Ministerstvo financií Slovenskej republiky,2026-06-24,7,,,,,,,,
Martin Spiritza,Tímová spolupráca,Podporuje budovanie dôvery medzi členmi tímu.,7.00,6.00,6.00,6.63,6.00,27,7,14,5,61,53,87,28,7,21,5,Ministerstvo financií Slovenskej republiky,360° spätná väzba pre Ministerstvo financií Slovenskej republiky,2026-06-24,7,,,,,,,,
Martin Spiritza,Podpora inovácií a zmien,Aktívne prichádza s konkrétnymi nápadmi na zlepšenie fungovania tímu alebo procesov.,6.50,7.00,5.50,6.33,3.00,27,7,14,5,61,53,87,28,7,21,5,Ministerstvo financií Slovenskej republiky,360° spätná väzba pre Ministerstvo financií Slovenskej republiky,2026-06-24,7,,,,,,,,
Martin Spiritza,Podpora inovácií a zmien,Pred rozhodnutím o zmene systematicky zvažuje možné príležitosti a ich prínos.,6.83,6.00,6.00,6.56,5.00,27,7,14,5,61,53,87,28,7,21,5,Ministerstvo financií Slovenskej republiky,360° spätná väzba pre Ministerstvo financií Slovenskej republiky,2026-06-24,7,,,,,,,,
Martin Spiritza,Podpora inovácií a zmien,Pred rozhodnutím systematicky zvažuje riziká a možné negatívne dopady navrhovaných riešení.,6.83,6.00,6.00,6.56,5.00,27,7,14,5,61,53,87,28,7,21,5,Ministerstvo financií Slovenskej republiky,360° spätná väzba pre Ministerstvo financií Slovenskej republiky,2026-06-24,7,,,,,,,,
Martin Spiritza,Podpora inovácií a zmien,Pri zavádzaní zmien dôsledne dodržiava dohodnuté postupy a pravidlá.,6.67,4.00,4.50,5.89,3.00,27,7,14,5,61,53,87,28,7,21,5,Ministerstvo financií Slovenskej republiky,360° spätná väzba pre Ministerstvo financií Slovenskej republiky,2026-06-24,7,,,,,,,,
Martin Spiritza,Podpora inovácií a zmien,Preberá osobnú zodpovednosť za realizáciu zmien a ich výsledok.,6.80,7.00,6.00,6.63,5.00,27,7,14,5,61,53,87,28,7,21,5,Ministerstvo financií Slovenskej republiky,360° spätná väzba pre Ministerstvo financií Slovenskej republiky,2026-06-24,7,,,,,,,,
Martin Spiritza,Podpora inovácií a zmien,Aktívne zapája členov tímu do realizácie zmien a podporuje ich spoluprácu.,6.60,6.00,6.50,6.50,5.00,27,7,14,5,61,53,87,28,7,21,5,Ministerstvo financií Slovenskej republiky,360° spätná väzba pre Ministerstvo financií Slovenskej republiky,2026-06-24,7,,,,,,,,
Martin Spiritza,Podpora inovácií a zmien,Reaguje na zmeny konštruktívne a zachováva vecný prístup aj v náročných situáciách.,6.50,6.00,6.50,6.44,6.00,27,7,14,5,61,53,87,28,7,21,5,Ministerstvo financií Slovenskej republiky,360° spätná väzba pre Ministerstvo financií Slovenskej republiky,2026-06-24,7,,,,,,,,
Martin Spiritza,Podpora inovácií a zmien,Aktívne uplatňuje nové poznatky a skúsenosti vo svojej každodennej práci.,7.00,6.00,5.00,6.57,5.00,27,7,14,5,61,53,87,28,7,21,5,Ministerstvo financií Slovenskej republiky,360° spätná väzba pre Ministerstvo financií Slovenskej republiky,2026-06-24,7,,,,,,,,
Martin Spiritza,Podpora inovácií a zmien,Osvojuje si nové pracovné návyky a systematicky ich využíva v praxi.,7.00,5.00,6.00,6.50,6.00,27,7,14,5,61,53,87,28,7,21,5,Ministerstvo financií Slovenskej republiky,360° spätná väzba pre Ministerstvo financií Slovenskej republiky,2026-06-24,7,,,,,,,,
Martin Spiritza,Profesionálna komunikácia,Myšlienky formuluje jasne a zrozumiteľne.,7.00,7.00,5.50,6.67,7.00,27,7,14,5,61,53,87,28,7,21,5,Ministerstvo financií Slovenskej republiky,360° spätná väzba pre Ministerstvo financií Slovenskej republiky,2026-06-24,7,,,,,,,,
Martin Spiritza,Profesionálna komunikácia,Pri komunikácii aktívne počúva ostatných.,6.83,7.00,5.50,6.56,7.00,27,7,14,5,61,53,87,28,7,21,5,Ministerstvo financií Slovenskej republiky,360° spätná väzba pre Ministerstvo financií Slovenskej republiky,2026-06-24,7,,,,,,,,
Martin Spiritza,Profesionálna komunikácia,Prejavuje empatiu pri komunikácii.,6.33,7.00,6.00,6.33,3.00,27,7,14,5,61,53,87,28,7,21,5,Ministerstvo financií Slovenskej republiky,360° spätná väzba pre Ministerstvo financií Slovenskej republiky,2026-06-24,7,,,,,,,,
Martin Spiritza,Profesionálna komunikácia,Rešpektuje názory ostaných.,6.67,6.00,6.50,6.56,6.00,27,7,14,5,61,53,87,28,7,21,5,Ministerstvo financií Slovenskej republiky,360° spätná väzba pre Ministerstvo financií Slovenskej republiky,2026-06-24,7,,,,,,,,
Martin Spiritza,Profesionálna komunikácia,Prispôsobuje spôsob komunikácie rôznym typom ľudí.,6.33,6.00,6.00,6.22,5.00,27,7,14,5,61,53,87,28,7,21,5,Ministerstvo financií Slovenskej republiky,360° spätná väzba pre Ministerstvo financií Slovenskej republiky,2026-06-24,7,,,,,,,,
Martin Spiritza,Profesionálna komunikácia,Podkladá svoje stanoviská vecnými argumentmi.,7.00,7.00,6.00,6.78,7.00,27,7,14,5,61,53,87,28,7,21,5,Ministerstvo financií Slovenskej republiky,360° spätná väzba pre Ministerstvo financií Slovenskej republiky,2026-06-24,7,,,,,,,,
Martin Spiritza,Profesionálna komunikácia,Vytvára konštruktívnu komunikačnú atmosféru.,6.83,6.00,6.50,6.67,5.00,27,7,14,5,61,53,87,28,7,21,5,Ministerstvo financií Slovenskej republiky,360° spätná väzba pre Ministerstvo financií Slovenskej republiky,2026-06-24,7,,,,,,,,
Martin Spiritza,Profesionálna komunikácia,Prejavuje primeranú rozhodnosť v komunikácii.,6.83,6.00,6.00,6.56,5.00,27,7,14,5,61,53,87,28,7,21,5,Ministerstvo financií Slovenskej republiky,360° spätná väzba pre Ministerstvo financií Slovenskej republiky,2026-06-24,7,,,,,,,,
Martin Spiritza,Profesionálna komunikácia,Prijíma spätnú väzbu bez osobného obranného postoja.,6.67,4.00,6.00,6.22,6.00,27,7,14,5,61,53,87,28,7,21,5,Ministerstvo financií Slovenskej republiky,360° spätná väzba pre Ministerstvo financií Slovenskej republiky,2026-06-24,7,,,,,,,,
Martin Spiritza,Profesionálna komunikácia,Pri komunikácii si zachováva profesionalitu.,6.33,6.00,5.00,6.00,6.00,27,7,14,5,61,53,87,28,7,21,5,Ministerstvo financií Slovenskej republiky,360° spätná väzba pre Ministerstvo financií Slovenskej republiky,2026-06-24,7,,,,,,,,
Martin Spiritza,Profesionálna komunikácia,Podporuje obsah komunikácie prirodzenou rečou tela.,6.67,6.00,6.50,6.56,0.00,27,7,14,5,61,53,87,28,7,21,5,Ministerstvo financií Slovenskej republiky,360° spätná väzba pre Ministerstvo financií Slovenskej republiky,2026-06-24,7,,,,,,,,
Martin Spiritza,Profesionálna komunikácia,Pri vystupovaní pred skupinou pôsobí sebaisto a dôveryhodne.,7.00,6.00,6.00,6.67,7.00,27,7,14,5,61,53,87,28,7,21,5,Ministerstvo financií Slovenskej republiky,360° spätná väzba pre Ministerstvo financií Slovenskej republiky,2026-06-24,7,,,,,,,,
Martin Spiritza,Zlepšovanie sa a napredovanie,Vie správne analyzovať a interpretovať potrebné dáta a informácie.,7.00,6.00,6.50,6.78,7.00,27,7,14,5,61,53,87,28,7,21,5,Ministerstvo financií Slovenskej republiky,360° spätná väzba pre Ministerstvo financií Slovenskej republiky,2026-06-24,7,,,,,,,,
Martin Spiritza,Zlepšovanie sa a napredovanie,V odbornosti je príkladom pre ostatných.,7.00,7.00,6.50,6.89,7.00,27,7,14,5,61,53,87,28,7,21,5,Ministerstvo financií Slovenskej republiky,360° spätná väzba pre Ministerstvo financií Slovenskej republiky,2026-06-24,7,,,,,,,,
Martin Spiritza,Zlepšovanie sa a napredovanie,Zdieľa odborné informácie s kolegami.,6.67,7.00,5.00,6.33,7.00,27,7,14,5,61,53,87,28,7,21,5,Ministerstvo financií Slovenskej republiky,360° spätná väzba pre Ministerstvo financií Slovenskej republiky,2026-06-24,7,,,,,,,,
Martin Spiritza,Zlepšovanie sa a napredovanie,Stanovuje si náročné pracovné ciele.,7.00,5.00,6.00,6.57,7.00,27,7,14,5,61,53,87,28,7,21,5,Ministerstvo financií Slovenskej republiky,360° spätná väzba pre Ministerstvo financií Slovenskej republiky,2026-06-24,7,,,,,,,,
Martin Spiritza,Zlepšovanie sa a napredovanie,"Má primeranú sebareflexiu, pozná svoje silné a slabé stránky.",6.60,6.00,5.00,6.29,6.00,27,7,14,5,61,53,87,28,7,21,5,Ministerstvo financií Slovenskej republiky,360° spätná väzba pre Ministerstvo financií Slovenskej republiky,2026-06-24,7,,,,,,,,
Martin Spiritza,Zlepšovanie sa a napredovanie,Pravidelne si plánuje aktivity zamerané na vlastný rozvoj.,6.50,3.00,5.50,5.71,1.00,27,7,14,5,61,53,87,28,7,21,5,Ministerstvo financií Slovenskej republiky,360° spätná väzba pre Ministerstvo financií Slovenskej republiky,2026-06-24,7,,,,,,,,
Martin Spiritza,Zlepšovanie sa a napredovanie,Vo svojej práci sa učí sa z chýb.,6.50,6.00,6.00,6.33,7.00,27,7,14,5,61,53,87,28,7,21,5,Ministerstvo financií Slovenskej republiky,360° spätná väzba pre Ministerstvo financií Slovenskej republiky,2026-06-24,7,,,,,,,,
Martin Spiritza,Zlepšovanie sa a napredovanie,Vyhodnocuje pravidelne svoje pracovné výsledky.,7.00,0.00,5.00,6.60,2.00,27,7,14,5,61,53,87,28,7,21,5,Ministerstvo financií Slovenskej republiky,360° spätná väzba pre Ministerstvo financií Slovenskej republiky,2026-06-24,7,,,,,,,,
Martin Spiritza,Zlepšovanie sa a napredovanie,Vyhľadáva a aktívne si pýta spätnú väzbu od ostatných.,6.20,0.00,4.50,5.71,3.00,27,7,14,5,61,53,87,28,7,21,5,Ministerstvo financií Slovenskej republiky,360° spätná väzba pre Ministerstvo financií Slovenskej republiky,2026-06-24,7,,,,,,,,
Martin Spiritza,Zlepšovanie sa a napredovanie,Je otvorený kritike.,6.50,5.00,7.00,6.44,6.00,27,7,14,5,61,53,87,28,7,21,5,Ministerstvo financií Slovenskej republiky,360° spätná väzba pre Ministerstvo financií Slovenskej republiky,2026-06-24,7,,,,,,,,
Martin Spiritza,Zlepšovanie sa a napredovanie,Využíva spätnú väzbu k svojmu zlepšovaniu.,6.80,5.00,6.00,6.38,3.00,27,7,14,5,61,53,87,28,7,21,5,Ministerstvo financií Slovenskej republiky,360° spätná väzba pre Ministerstvo financií Slovenskej republiky,2026-06-24,7,,,,,,,,
Martin Spiritza,Vedenie ľudí,Zameriava tím na kľúčové aktivity s najväčším dopadom.,6.80,5.00,6.50,6.50,5.00,27,7,14,5,61,53,87,28,7,21,5,Ministerstvo financií Slovenskej republiky,360° spätná väzba pre Ministerstvo financií Slovenskej republiky,2026-06-24,7,,,,,,,,
Martin Spiritza,Vedenie ľudí,"Vedie tím k napĺňaniu cieľov, motivuje ho k požadovným výkonom.",6.80,5.00,6.50,6.50,5.00,27,7,14,5,61,53,87,28,7,21,5,Ministerstvo financií Slovenskej republiky,360° spätná väzba pre Ministerstvo financií Slovenskej republiky,2026-06-24,7,,,,,,,,
Martin Spiritza,Vedenie ľudí,Vie efektívne delegovať úlohy a s nimi súvisiacu zodpovednosť členom tímu.,7.00,4.00,6.50,6.50,6.00,27,7,14,5,61,53,87,28,7,21,5,Ministerstvo financií Slovenskej republiky,360° spätná väzba pre Ministerstvo financií Slovenskej republiky,2026-06-24,7,,,,,,,,
Martin Spiritza,Vedenie ľudí,"Je tímový hráč, rozvíja tímového ducha u ostatných.",6.60,5.00,6.50,6.38,1.00,27,7,14,5,61,53,87,28,7,21,5,Ministerstvo financií Slovenskej republiky,360° spätná väzba pre Ministerstvo financií Slovenskej republiky,2026-06-24,7,,,,,,,,
Martin Spiritza,Vedenie ľudí,"Je neformálnou autoritou, ľudia ho vyhľadávajú ak potrebujú pomôcť.",6.83,7.00,6.50,6.78,7.00,27,7,14,5,61,53,87,28,7,21,5,Ministerstvo financií Slovenskej republiky,360° spätná väzba pre Ministerstvo financií Slovenskej republiky,2026-06-24,7,,,,,,,,
Martin Spiritza,Vedenie ľudí,Inšpiruje ostatných svojím prístupom.,6.67,7.00,6.50,6.67,0.00,27,7,14,5,61,53,87,28,7,21,5,Ministerstvo financií Slovenskej republiky,360° spätná väzba pre Ministerstvo financií Slovenskej republiky,2026-06-24,7,,,,,,,,
Martin Spiritza,Vedenie ľudí,"Je presvedčivý líder, ľudia ho nasledujú.",7.00,6.00,6.50,6.75,0.00,27,7,14,5,61,53,87,28,7,21,5,Ministerstvo financií Slovenskej republiky,360° spätná väzba pre Ministerstvo financií Slovenskej republiky,2026-06-24,7,,,,,,,,
Martin Spiritza,Vedenie ľudí,"Vie rozpoznať potenciál, talent a zručnosti členov svojho tímu.",6.50,6.00,6.00,6.33,6.00,27,7,14,5,61,53,87,28,7,21,5,Ministerstvo financií Slovenskej republiky,360° spätná väzba pre Ministerstvo financií Slovenskej republiky,2026-06-24,7,,,,,,,,
Martin Spiritza,Vedenie ľudí,Rozvíja svojich ľudí prostredníctvom stanovenia náročných cieľov.,7.00,0.00,5.50,6.57,6.00,27,7,14,5,61,53,87,28,7,21,5,Ministerstvo financií Slovenskej republiky,360° spätná väzba pre Ministerstvo financií Slovenskej republiky,2026-06-24,7,,,,,,,,
Martin Spiritza,Vedenie ľudí,Poskytuje pravidelnú spätnú väzbu členom tímu.,5.67,0.00,5.00,5.57,5.00,27,7,14,5,61,53,87,28,7,21,5,Ministerstvo financií Slovenskej republiky,360° spätná väzba pre Ministerstvo financií Slovenskej republiky,2026-06-24,7,,,,,,,,
Martin Spiritza,Vedenie ľudí,Hodnotí výkon členov tímu spravodlivo.,6.80,6.00,6.00,6.57,6.00,27,7,14,5,61,53,87,28,7,21,5,Ministerstvo financií Slovenskej republiky,360° spätná väzba pre Ministerstvo financií Slovenskej republiky,2026-06-24,7,,,,,,,,
Erika Madajová,Orientácia na dosahovanie výsledkov,Aktívne vyhľadáva nové príležitosti na dosahovanie výsledkov.,6.25,4.50,6.00,5.75,5.00,27,7,14,5,61,53,87,28,7,21,5,Ministerstvo financií Slovenskej republiky,360° spätná väzba pre Ministerstvo financií Slovenskej republiky,2026-06-24,7,,,,,,,,
Erika Madajová,Orientácia na dosahovanie výsledkov,Svojím prístupom podporuje ostatných v dosahovaní cieľov.,7.00,6.00,7.00,6.75,6.00,27,7,14,5,61,53,87,28,7,21,5,Ministerstvo financií Slovenskej republiky,360° spätná väzba pre Ministerstvo financií Slovenskej republiky,2026-06-24,7,,,,,,,,
Erika Madajová,Orientácia na dosahovanie výsledkov,Preberá osobnú zodpovednosť za dosiahnutie stanovených cieľov.,6.75,6.00,6.00,6.38,6.00,27,7,14,5,61,53,87,28,7,21,5,Ministerstvo financií Slovenskej republiky,360° spätná väzba pre Ministerstvo financií Slovenskej republiky,2026-06-24,7,,,,,,,,
Erika Madajová,Orientácia na dosahovanie výsledkov,Stanovuje priority pre dosiahnutie očakávaných výsledkov.,6.50,5.50,6.00,6.14,6.00,27,7,14,5,61,53,87,28,7,21,5,Ministerstvo financií Slovenskej republiky,360° spätná väzba pre Ministerstvo financií Slovenskej republiky,2026-06-24,7,,,,,,,,
Erika Madajová,Orientácia na dosahovanie výsledkov,Efektívne plánuje svoj pracovný čas.,6.33,6.00,0.00,6.25,5.00,27,7,14,5,61,53,87,28,7,21,5,Ministerstvo financií Slovenskej republiky,360° spätná väzba pre Ministerstvo financií Slovenskej republiky,2026-06-24,7,,,,,,,,
Erika Madajová,Orientácia na dosahovanie výsledkov,Reaguje flexibilne na meniace sa požiadavky.,6.25,4.50,6.00,5.75,5.00,27,7,14,5,61,53,87,28,7,21,5,Ministerstvo financií Slovenskej republiky,360° spätná väzba pre Ministerstvo financií Slovenskej republiky,2026-06-24,7,,,,,,,,
Erika Madajová,Orientácia na dosahovanie výsledkov,"Pravidelne kontroluje úlohy, ktoré vedú k dosahovaniu výsledkov.",6.75,6.50,6.00,6.57,6.00,27,7,14,5,61,53,87,28,7,21,5,Ministerstvo financií Slovenskej republiky,360° spätná väzba pre Ministerstvo financií Slovenskej republiky,2026-06-24,7,,,,,,,,
Erika Madajová,Orientácia na dosahovanie výsledkov,Pristupuje ku konfliktom otvorene a konštruktívne.,6.67,6.50,5.50,6.29,6.00,27,7,14,5,61,53,87,28,7,21,5,Ministerstvo financií Slovenskej republiky,360° spätná väzba pre Ministerstvo financií Slovenskej republiky,2026-06-24,7,,,,,,,,
Erika Madajová,Orientácia na dosahovanie výsledkov,Je vytrvalý pri prekonávaní prekážkok na ceste k dosahovaniu stanovených výsledkov.,6.75,6.00,6.00,6.38,6.00,27,7,14,5,61,53,87,28,7,21,5,Ministerstvo financií Slovenskej republiky,360° spätná väzba pre Ministerstvo financií Slovenskej republiky,2026-06-24,7,,,,,,,,
Erika Madajová,Tímová spolupráca,Aktívne podporuje spoluprácu medzi členmi tímu.,6.75,6.50,6.50,6.63,7.00,27,7,14,5,61,53,87,28,7,21,5,Ministerstvo financií Slovenskej republiky,360° spätná väzba pre Ministerstvo financií Slovenskej republiky,2026-06-24,7,,,,,,,,
Erika Madajová,Tímová spolupráca,Zdieľa informácie včas a v potrebnom rozsahu.,7.00,7.00,7.00,7.00,7.00,27,7,14,5,61,53,87,28,7,21,5,Ministerstvo financií Slovenskej republiky,360° spätná väzba pre Ministerstvo financií Slovenskej republiky,2026-06-24,7,,,,,,,,
Erika Madajová,Tímová spolupráca,Zapája členov tímu do rozhodovania.,6.50,6.50,6.50,6.50,7.00,27,7,14,5,61,53,87,28,7,21,5,Ministerstvo financií Slovenskej republiky,360° spätná väzba pre Ministerstvo financií Slovenskej republiky,2026-06-24,7,,,,,,,,
Erika Madajová,Tímová spolupráca,Zohľadňuje názory členov tímu pri rozhodovaní.,6.50,7.00,7.00,6.75,7.00,27,7,14,5,61,53,87,28,7,21,5,Ministerstvo financií Slovenskej republiky,360° spätná väzba pre Ministerstvo financií Slovenskej republiky,2026-06-24,7,,,,,,,,
Erika Madajová,Tímová spolupráca,Podporuje riešenie konfliktov konštruktívnym spôsobom.,7.00,6.50,7.00,6.83,7.00,27,7,14,5,61,53,87,28,7,21,5,Ministerstvo financií Slovenskej republiky,360° spätná väzba pre Ministerstvo financií Slovenskej republiky,2026-06-24,7,,,,,,,,
Erika Madajová,Tímová spolupráca,Otvorene komunikuje o problémoch v tíme.,6.50,0.00,4.00,6.00,7.00,27,7,14,5,61,53,87,28,7,21,5,Ministerstvo financií Slovenskej republiky,360° spätná väzba pre Ministerstvo financií Slovenskej republiky,2026-06-24,7,,,,,,,,
Erika Madajová,Tímová spolupráca,Hľadá riešenia problémov v prospech tímu.,6.50,6.00,6.00,6.25,7.00,27,7,14,5,61,53,87,28,7,21,5,Ministerstvo financií Slovenskej republiky,360° spätná väzba pre Ministerstvo financií Slovenskej republiky,2026-06-24,7,,,,,,,,
Erika Madajová,Tímová spolupráca,Rieši problémy v tíme bez odkladania.,6.50,0.00,6.00,6.40,6.00,27,7,14,5,61,53,87,28,7,21,5,Ministerstvo financií Slovenskej republiky,360° spätná väzba pre Ministerstvo financií Slovenskej republiky,2026-06-24,7,,,,,,,,
Erika Madajová,Tímová spolupráca,Podporuje budovanie dôvery medzi členmi tímu.,6.75,6.50,7.00,6.75,7.00,27,7,14,5,61,53,87,28,7,21,5,Ministerstvo financií Slovenskej republiky,360° spätná väzba pre Ministerstvo financií Slovenskej republiky,2026-06-24,7,,,,,,,,
Erika Madajová,Podpora inovácií a zmien,Aktívne prichádza s konkrétnymi nápadmi na zlepšenie fungovania tímu alebo procesov.,5.75,4.00,6.00,5.29,4.00,27,7,14,5,61,53,87,28,7,21,5,Ministerstvo financií Slovenskej republiky,360° spätná väzba pre Ministerstvo financií Slovenskej republiky,2026-06-24,7,,,,,,,,
Erika Madajová,Podpora inovácií a zmien,Pred rozhodnutím o zmene systematicky zvažuje možné príležitosti a ich prínos.,6.00,5.50,6.50,6.00,5.00,27,7,14,5,61,53,87,28,7,21,5,Ministerstvo financií Slovenskej republiky,360° spätná väzba pre Ministerstvo financií Slovenskej republiky,2026-06-24,7,,,,,,,,
Erika Madajová,Podpora inovácií a zmien,Pred rozhodnutím systematicky zvažuje riziká a možné negatívne dopady navrhovaných riešení.,6.33,5.50,6.50,6.14,6.00,27,7,14,5,61,53,87,28,7,21,5,Ministerstvo financií Slovenskej republiky,360° spätná väzba pre Ministerstvo financií Slovenskej republiky,2026-06-24,7,,,,,,,,
Erika Madajová,Podpora inovácií a zmien,Pri zavádzaní zmien dôsledne dodržiava dohodnuté postupy a pravidlá.,6.67,6.00,6.50,6.43,5.00,27,7,14,5,61,53,87,28,7,21,5,Ministerstvo financií Slovenskej republiky,360° spätná väzba pre Ministerstvo financií Slovenskej republiky,2026-06-24,7,,,,,,,,
Erika Madajová,Podpora inovácií a zmien,Preberá osobnú zodpovednosť za realizáciu zmien a ich výsledok.,6.75,5.50,6.00,6.25,5.00,27,7,14,5,61,53,87,28,7,21,5,Ministerstvo financií Slovenskej republiky,360° spätná väzba pre Ministerstvo financií Slovenskej republiky,2026-06-24,7,,,,,,,,
Erika Madajová,Podpora inovácií a zmien,Aktívne zapája členov tímu do realizácie zmien a podporuje ich spoluprácu.,6.25,6.00,6.00,6.13,6.00,27,7,14,5,61,53,87,28,7,21,5,Ministerstvo financií Slovenskej republiky,360° spätná väzba pre Ministerstvo financií Slovenskej republiky,2026-06-24,7,,,,,,,,
Erika Madajová,Podpora inovácií a zmien,Reaguje na zmeny konštruktívne a zachováva vecný prístup aj v náročných situáciách.,6.67,5.50,6.00,6.14,0.00,27,7,14,5,61,53,87,28,7,21,5,Ministerstvo financií Slovenskej republiky,360° spätná väzba pre Ministerstvo financií Slovenskej republiky,2026-06-24,7,,,,,,,,
Erika Madajová,Podpora inovácií a zmien,Aktívne uplatňuje nové poznatky a skúsenosti vo svojej každodennej práci.,6.50,6.00,6.00,6.29,5.00,27,7,14,5,61,53,87,28,7,21,5,Ministerstvo financií Slovenskej republiky,360° spätná väzba pre Ministerstvo financií Slovenskej republiky,2026-06-24,7,,,,,,,,
Erika Madajová,Podpora inovácií a zmien,Osvojuje si nové pracovné návyky a systematicky ich využíva v praxi.,6.50,4.00,6.50,6.14,4.00,27,7,14,5,61,53,87,28,7,21,5,Ministerstvo financií Slovenskej republiky,360° spätná väzba pre Ministerstvo financií Slovenskej republiky,2026-06-24,7,,,,,,,,
Erika Madajová,Profesionálna komunikácia,Myšlienky formuluje jasne a zrozumiteľne.,7.00,5.00,6.50,6.38,4.00,27,7,14,5,61,53,87,28,7,21,5,Ministerstvo financií Slovenskej republiky,360° spätná väzba pre Ministerstvo financií Slovenskej republiky,2026-06-24,7,,,,,,,,
Erika Madajová,Profesionálna komunikácia,Pri komunikácii aktívne počúva ostatných.,7.00,6.50,6.50,6.75,6.00,27,7,14,5,61,53,87,28,7,21,5,Ministerstvo financií Slovenskej republiky,360° spätná väzba pre Ministerstvo financií Slovenskej republiky,2026-06-24,7,,,,,,,,
Erika Madajová,Profesionálna komunikácia,Prejavuje empatiu pri komunikácii.,7.00,6.50,6.50,6.75,7.00,27,7,14,5,61,53,87,28,7,21,5,Ministerstvo financií Slovenskej republiky,360° spätná väzba pre Ministerstvo financií Slovenskej republiky,2026-06-24,7,,,,,,,,
Erika Madajová,Profesionálna komunikácia,Rešpektuje názory ostaných.,6.75,6.50,6.50,6.63,6.00,27,7,14,5,61,53,87,28,7,21,5,Ministerstvo financií Slovenskej republiky,360° spätná väzba pre Ministerstvo financií Slovenskej republiky,2026-06-24,7,,,,,,,,
Erika Madajová,Profesionálna komunikácia,Prispôsobuje spôsob komunikácie rôznym typom ľudí.,6.33,5.00,6.50,6.17,7.00,27,7,14,5,61,53,87,28,7,21,5,Ministerstvo financií Slovenskej republiky,360° spätná väzba pre Ministerstvo financií Slovenskej republiky,2026-06-24,7,,,,,,,,
Erika Madajová,Profesionálna komunikácia,Podkladá svoje stanoviská vecnými argumentmi.,7.00,7.00,7.00,7.00,5.00,27,7,14,5,61,53,87,28,7,21,5,Ministerstvo financií Slovenskej republiky,360° spätná väzba pre Ministerstvo financií Slovenskej republiky,2026-06-24,7,,,,,,,,
Erika Madajová,Profesionálna komunikácia,Vytvára konštruktívnu komunikačnú atmosféru.,6.75,7.00,6.50,6.75,5.00,27,7,14,5,61,53,87,28,7,21,5,Ministerstvo financií Slovenskej republiky,360° spätná väzba pre Ministerstvo financií Slovenskej republiky,2026-06-24,7,,,,,,,,
Erika Madajová,Profesionálna komunikácia,Prejavuje primeranú rozhodnosť v komunikácii.,5.50,5.00,5.50,5.38,4.00,27,7,14,5,61,53,87,28,7,21,5,Ministerstvo financií Slovenskej republiky,360° spätná väzba pre Ministerstvo financií Slovenskej republiky,2026-06-24,7,,,,,,,,
Erika Madajová,Profesionálna komunikácia,Prijíma spätnú väzbu bez osobného obranného postoja.,6.67,6.00,5.50,6.14,4.00,27,7,14,5,61,53,87,28,7,21,5,Ministerstvo financií Slovenskej republiky,360° spätná väzba pre Ministerstvo financií Slovenskej republiky,2026-06-24,7,,,,,,,,
Erika Madajová,Profesionálna komunikácia,Pri komunikácii si zachováva profesionalitu.,7.00,7.00,7.00,7.00,4.00,27,7,14,5,61,53,87,28,7,21,5,Ministerstvo financií Slovenskej republiky,360° spätná väzba pre Ministerstvo financií Slovenskej republiky,2026-06-24,7,,,,,,,,
Erika Madajová,Profesionálna komunikácia,Podporuje obsah komunikácie prirodzenou rečou tela.,6.75,7.00,6.00,6.63,0.00,27,7,14,5,61,53,87,28,7,21,5,Ministerstvo financií Slovenskej republiky,360° spätná väzba pre Ministerstvo financií Slovenskej republiky,2026-06-24,7,,,,,,,,
Erika Madajová,Profesionálna komunikácia,Pri vystupovaní pred skupinou pôsobí sebaisto a dôveryhodne.,5.75,5.50,6.00,5.75,3.00,27,7,14,5,61,53,87,28,7,21,5,Ministerstvo financií Slovenskej republiky,360° spätná väzba pre Ministerstvo financií Slovenskej republiky,2026-06-24,7,,,,,,,,
Erika Madajová,Zlepšovanie sa a napredovanie,Vie správne analyzovať a interpretovať potrebné dáta a informácie.,6.75,6.00,6.00,6.38,5.00,27,7,14,5,61,53,87,28,7,21,5,Ministerstvo financií Slovenskej republiky,360° spätná väzba pre Ministerstvo financií Slovenskej republiky,2026-06-24,7,,,,,,,,
Erika Madajová,Zlepšovanie sa a napredovanie,V odbornosti je príkladom pre ostatných.,6.75,6.50,7.00,6.71,0.00,27,7,14,5,61,53,87,28,7,21,5,Ministerstvo financií Slovenskej republiky,360° spätná väzba pre Ministerstvo financií Slovenskej republiky,2026-06-24,7,,,,,,,,
Erika Madajová,Zlepšovanie sa a napredovanie,Zdieľa odborné informácie s kolegami.,6.75,7.00,6.50,6.75,6.00,27,7,14,5,61,53,87,28,7,21,5,Ministerstvo financií Slovenskej republiky,360° spätná väzba pre Ministerstvo financií Slovenskej republiky,2026-06-24,7,,,,,,,,
Erika Madajová,Zlepšovanie sa a napredovanie,Stanovuje si náročné pracovné ciele.,6.00,5.00,6.00,5.67,4.00,27,7,14,5,61,53,87,28,7,21,5,Ministerstvo financií Slovenskej republiky,360° spätná väzba pre Ministerstvo financií Slovenskej republiky,2026-06-24,7,,,,,,,,
Erika Madajová,Zlepšovanie sa a napredovanie,"Má primeranú sebareflexiu, pozná svoje silné a slabé stránky.",6.75,6.50,5.50,6.38,4.00,27,7,14,5,61,53,87,28,7,21,5,Ministerstvo financií Slovenskej republiky,360° spätná väzba pre Ministerstvo financií Slovenskej republiky,2026-06-24,7,,,,,,,,
Erika Madajová,Zlepšovanie sa a napredovanie,Pravidelne si plánuje aktivity zamerané na vlastný rozvoj.,6.00,6.00,0.00,6.00,5.00,27,7,14,5,61,53,87,28,7,21,5,Ministerstvo financií Slovenskej republiky,360° spätná väzba pre Ministerstvo financií Slovenskej republiky,2026-06-24,7,,,,,,,,
Erika Madajová,Zlepšovanie sa a napredovanie,Vo svojej práci sa učí sa z chýb.,6.25,6.00,6.00,6.13,6.00,27,7,14,5,61,53,87,28,7,21,5,Ministerstvo financií Slovenskej republiky,360° spätná väzba pre Ministerstvo financií Slovenskej republiky,2026-06-24,7,,,,,,,,
Erika Madajová,Zlepšovanie sa a napredovanie,Vyhodnocuje pravidelne svoje pracovné výsledky.,5.67,6.00,0.00,5.75,5.00,27,7,14,5,61,53,87,28,7,21,5,Ministerstvo financií Slovenskej republiky,360° spätná väzba pre Ministerstvo financií Slovenskej republiky,2026-06-24,7,,,,,,,,
Erika Madajová,Zlepšovanie sa a napredovanie,Vyhľadáva a aktívne si pýta spätnú väzbu od ostatných.,5.25,6.00,5.50,5.43,4.00,27,7,14,5,61,53,87,28,7,21,5,Ministerstvo financií Slovenskej republiky,360° spätná väzba pre Ministerstvo financií Slovenskej republiky,2026-06-24,7,,,,,,,,
Erika Madajová,Zlepšovanie sa a napredovanie,Je otvorený kritike.,6.00,6.00,5.50,5.86,5.00,27,7,14,5,61,53,87,28,7,21,5,Ministerstvo financií Slovenskej republiky,360° spätná väzba pre Ministerstvo financií Slovenskej republiky,2026-06-24,7,,,,,,,,
Erika Madajová,Zlepšovanie sa a napredovanie,Využíva spätnú väzbu k svojmu zlepšovaniu.,6.50,6.00,6.00,6.25,5.00,27,7,14,5,61,53,87,28,7,21,5,Ministerstvo financií Slovenskej republiky,360° spätná väzba pre Ministerstvo financií Slovenskej republiky,2026-06-24,7,,,,,,,,
Erika Madajová,Vedenie ľudí,Zameriava tím na kľúčové aktivity s najväčším dopadom.,6.00,5.00,6.50,5.86,5.00,27,7,14,5,61,53,87,28,7,21,5,Ministerstvo financií Slovenskej republiky,360° spätná väzba pre Ministerstvo financií Slovenskej republiky,2026-06-24,7,,,,,,,,
Erika Madajová,Vedenie ľudí,"Vedie tím k napĺňaniu cieľov, motivuje ho k požadovným výkonom.",6.75,6.00,6.00,6.38,4.00,27,7,14,5,61,53,87,28,7,21,5,Ministerstvo financií Slovenskej republiky,360° spätná väzba pre Ministerstvo financií Slovenskej republiky,2026-06-24,7,,,,,,,,
Erika Madajová,Vedenie ľudí,Vie efektívne delegovať úlohy a s nimi súvisiacu zodpovednosť členom tímu.,6.50,5.00,6.00,6.17,5.00,27,7,14,5,61,53,87,28,7,21,5,Ministerstvo financií Slovenskej republiky,360° spätná väzba pre Ministerstvo financií Slovenskej republiky,2026-06-24,7,,,,,,,,
Erika Madajová,Vedenie ľudí,"Je tímový hráč, rozvíja tímového ducha u ostatných.",7.00,6.50,6.50,6.75,6.00,27,7,14,5,61,53,87,28,7,21,5,Ministerstvo financií Slovenskej republiky,360° spätná väzba pre Ministerstvo financií Slovenskej republiky,2026-06-24,7,,,,,,,,
Erika Madajová,Vedenie ľudí,"Je neformálnou autoritou, ľudia ho vyhľadávajú ak potrebujú pomôcť.",6.75,5.50,6.00,6.25,5.00,27,7,14,5,61,53,87,28,7,21,5,Ministerstvo financií Slovenskej republiky,360° spätná väzba pre Ministerstvo financií Slovenskej republiky,2026-06-24,7,,,,,,,,
Erika Madajová,Vedenie ľudí,Inšpiruje ostatných svojím prístupom.,6.50,5.50,6.00,6.13,0.00,27,7,14,5,61,53,87,28,7,21,5,Ministerstvo financií Slovenskej republiky,360° spätná väzba pre Ministerstvo financií Slovenskej republiky,2026-06-24,7,,,,,,,,
Erika Madajová,Vedenie ľudí,"Je presvedčivý líder, ľudia ho nasledujú.",6.00,5.00,7.00,5.83,0.00,27,7,14,5,61,53,87,28,7,21,5,Ministerstvo financií Slovenskej republiky,360° spätná väzba pre Ministerstvo financií Slovenskej republiky,2026-06-24,7,,,,,,,,
Erika Madajová,Vedenie ľudí,"Vie rozpoznať potenciál, talent a zručnosti členov svojho tímu.",6.00,5.50,6.00,5.86,5.00,27,7,14,5,61,53,87,28,7,21,5,Ministerstvo financií Slovenskej republiky,360° spätná väzba pre Ministerstvo financií Slovenskej republiky,2026-06-24,7,,,,,,,,
Erika Madajová,Vedenie ľudí,Rozvíja svojich ľudí prostredníctvom stanovenia náročných cieľov.,5.67,4.00,6.00,5.40,4.00,27,7,14,5,61,53,87,28,7,21,5,Ministerstvo financií Slovenskej republiky,360° spätná väzba pre Ministerstvo financií Slovenskej republiky,2026-06-24,7,,,,,,,,
Erika Madajová,Vedenie ľudí,Poskytuje pravidelnú spätnú väzbu členom tímu.,6.25,4.00,0.00,5.80,5.00,27,7,14,5,61,53,87,28,7,21,5,Ministerstvo financií Slovenskej republiky,360° spätná väzba pre Ministerstvo financií Slovenskej republiky,2026-06-24,7,,,,,,,,
Erika Madajová,Vedenie ľudí,Hodnotí výkon členov tímu spravodlivo.,6.75,6.00,0.00,6.50,6.00,27,7,14,5,61,53,87,28,7,21,5,Ministerstvo financií Slovenskej republiky,360° spätná väzba pre Ministerstvo financií Slovenskej republiky,2026-06-24,7,,,,,,,,
Táňa Žilková,Orientácia na dosahovanie výsledkov,Aktívne vyhľadáva nové príležitosti na dosahovanie výsledkov.,6.67,6.50,0.00,6.63,6.00,27,7,14,5,61,53,87,28,7,21,5,Ministerstvo financií Slovenskej republiky,360° spätná väzba pre Ministerstvo financií Slovenskej republiky,2026-06-24,7,,,,,,,,
Táňa Žilková,Orientácia na dosahovanie výsledkov,Svojím prístupom podporuje ostatných v dosahovaní cieľov.,6.67,7.00,6.00,6.60,6.00,27,7,14,5,61,53,87,28,7,21,5,Ministerstvo financií Slovenskej republiky,360° spätná väzba pre Ministerstvo financií Slovenskej republiky,2026-06-24,7,,,,,,,,
Táňa Žilková,Orientácia na dosahovanie výsledkov,Preberá osobnú zodpovednosť za dosiahnutie stanovených cieľov.,6.67,7.00,6.00,6.60,7.00,27,7,14,5,61,53,87,28,7,21,5,Ministerstvo financií Slovenskej republiky,360° spätná väzba pre Ministerstvo financií Slovenskej republiky,2026-06-24,7,,,,,,,,
Táňa Žilková,Orientácia na dosahovanie výsledkov,Stanovuje priority pre dosiahnutie očakávaných výsledkov.,6.17,6.00,6.00,6.11,7.00,27,7,14,5,61,53,87,28,7,21,5,Ministerstvo financií Slovenskej republiky,360° spätná väzba pre Ministerstvo financií Slovenskej republiky,2026-06-24,7,,,,,,,,
Táňa Žilková,Orientácia na dosahovanie výsledkov,Efektívne plánuje svoj pracovný čas.,5.67,5.50,0.00,5.63,5.00,27,7,14,5,61,53,87,28,7,21,5,Ministerstvo financií Slovenskej republiky,360° spätná väzba pre Ministerstvo financií Slovenskej republiky,2026-06-24,7,,,,,,,,
Táňa Žilková,Orientácia na dosahovanie výsledkov,Reaguje flexibilne na meniace sa požiadavky.,6.67,6.50,5.50,6.40,5.00,27,7,14,5,61,53,87,28,7,21,5,Ministerstvo financií Slovenskej republiky,360° spätná väzba pre Ministerstvo financií Slovenskej republiky,2026-06-24,7,,,,,,,,
Táňa Žilková,Orientácia na dosahovanie výsledkov,"Pravidelne kontroluje úlohy, ktoré vedú k dosahovaniu výsledkov.",6.00,6.00,6.00,6.00,6.00,27,7,14,5,61,53,87,28,7,21,5,Ministerstvo financií Slovenskej republiky,360° spätná väzba pre Ministerstvo financií Slovenskej republiky,2026-06-24,7,,,,,,,,
Táňa Žilková,Orientácia na dosahovanie výsledkov,Pristupuje ku konfliktom otvorene a konštruktívne.,6.67,6.50,7.00,6.67,5.00,27,7,14,5,61,53,87,28,7,21,5,Ministerstvo financií Slovenskej republiky,360° spätná väzba pre Ministerstvo financií Slovenskej republiky,2026-06-24,7,,,,,,,,
Táňa Žilková,Orientácia na dosahovanie výsledkov,Je vytrvalý pri prekonávaní prekážkok na ceste k dosahovaniu stanovených výsledkov.,6.50,6.50,6.50,6.50,7.00,27,7,14,5,61,53,87,28,7,21,5,Ministerstvo financií Slovenskej republiky,360° spätná väzba pre Ministerstvo financií Slovenskej republiky,2026-06-24,7,,,,,,,,
Táňa Žilková,Tímová spolupráca,Aktívne podporuje spoluprácu medzi členmi tímu.,6.50,6.50,6.50,6.50,7.00,27,7,14,5,61,53,87,28,7,21,5,Ministerstvo financií Slovenskej republiky,360° spätná väzba pre Ministerstvo financií Slovenskej republiky,2026-06-24,7,,,,,,,,
Táňa Žilková,Tímová spolupráca,Zdieľa informácie včas a v potrebnom rozsahu.,6.17,7.00,6.00,6.33,6.00,27,7,14,5,61,53,87,28,7,21,5,Ministerstvo financií Slovenskej republiky,360° spätná väzba pre Ministerstvo financií Slovenskej republiky,2026-06-24,7,,,,,,,,
Táňa Žilková,Tímová spolupráca,Zapája členov tímu do rozhodovania.,6.50,6.50,0.00,6.50,6.00,27,7,14,5,61,53,87,28,7,21,5,Ministerstvo financií Slovenskej republiky,360° spätná väzba pre Ministerstvo financií Slovenskej republiky,2026-06-24,7,,,,,,,,
Táňa Žilková,Tímová spolupráca,Zohľadňuje názory členov tímu pri rozhodovaní.,6.67,7.00,6.00,6.60,7.00,27,7,14,5,61,53,87,28,7,21,5,Ministerstvo financií Slovenskej republiky,360° spätná väzba pre Ministerstvo financií Slovenskej republiky,2026-06-24,7,,,,,,,,
Táňa Žilková,Tímová spolupráca,Podporuje riešenie konfliktov konštruktívnym spôsobom.,6.67,6.50,6.00,6.56,5.00,27,7,14,5,61,53,87,28,7,21,5,Ministerstvo financií Slovenskej republiky,360° spätná väzba pre Ministerstvo financií Slovenskej republiky,2026-06-24,7,,,,,,,,
Táňa Žilková,Tímová spolupráca,Otvorene komunikuje o problémoch v tíme.,6.83,7.00,6.00,6.75,5.00,27,7,14,5,61,53,87,28,7,21,5,Ministerstvo financií Slovenskej republiky,360° spätná väzba pre Ministerstvo financií Slovenskej republiky,2026-06-24,7,,,,,,,,
Táňa Žilková,Tímová spolupráca,Hľadá riešenia problémov v prospech tímu.,6.83,6.00,6.50,6.60,6.00,27,7,14,5,61,53,87,28,7,21,5,Ministerstvo financií Slovenskej republiky,360° spätná väzba pre Ministerstvo financií Slovenskej republiky,2026-06-24,7,,,,,,,,
Táňa Žilková,Tímová spolupráca,Rieši problémy v tíme bez odkladania.,6.17,6.00,6.00,6.13,5.00,27,7,14,5,61,53,87,28,7,21,5,Ministerstvo financií Slovenskej republiky,360° spätná väzba pre Ministerstvo financií Slovenskej republiky,2026-06-24,7,,,,,,,,
Táňa Žilková,Tímová spolupráca,Podporuje budovanie dôvery medzi členmi tímu.,6.17,6.50,7.00,6.33,7.00,27,7,14,5,61,53,87,28,7,21,5,Ministerstvo financií Slovenskej republiky,360° spätná väzba pre Ministerstvo financií Slovenskej republiky,2026-06-24,7,,,,,,,,
Táňa Žilková,Podpora inovácií a zmien,Aktívne prichádza s konkrétnymi nápadmi na zlepšenie fungovania tímu alebo procesov.,6.33,6.50,0.00,6.38,5.00,27,7,14,5,61,53,87,28,7,21,5,Ministerstvo financií Slovenskej republiky,360° spätná väzba pre Ministerstvo financií Slovenskej republiky,2026-06-24,7,,,,,,,,
Táňa Žilková,Podpora inovácií a zmien,Pred rozhodnutím o zmene systematicky zvažuje možné príležitosti a ich prínos.,6.83,6.00,0.00,6.63,6.00,27,7,14,5,61,53,87,28,7,21,5,Ministerstvo financií Slovenskej republiky,360° spätná väzba pre Ministerstvo financií Slovenskej republiky,2026-06-24,7,,,,,,,,
Táňa Žilková,Podpora inovácií a zmien,Pred rozhodnutím systematicky zvažuje riziká a možné negatívne dopady navrhovaných riešení.,7.00,6.00,6.00,6.60,6.00,27,7,14,5,61,53,87,28,7,21,5,Ministerstvo financií Slovenskej republiky,360° spätná väzba pre Ministerstvo financií Slovenskej republiky,2026-06-24,7,,,,,,,,
Táňa Žilková,Podpora inovácií a zmien,Pri zavádzaní zmien dôsledne dodržiava dohodnuté postupy a pravidlá.,6.17,6.00,6.00,6.11,5.00,27,7,14,5,61,53,87,28,7,21,5,Ministerstvo financií Slovenskej republiky,360° spätná väzba pre Ministerstvo financií Slovenskej republiky,2026-06-24,7,,,,,,,,
Táňa Žilková,Podpora inovácií a zmien,Preberá osobnú zodpovednosť za realizáciu zmien a ich výsledok.,6.67,6.50,6.00,6.56,7.00,27,7,14,5,61,53,87,28,7,21,5,Ministerstvo financií Slovenskej republiky,360° spätná väzba pre Ministerstvo financií Slovenskej republiky,2026-06-24,7,,,,,,,,
Táňa Žilková,Podpora inovácií a zmien,Aktívne zapája členov tímu do realizácie zmien a podporuje ich spoluprácu.,6.33,6.50,6.00,6.33,6.00,27,7,14,5,61,53,87,28,7,21,5,Ministerstvo financií Slovenskej republiky,360° spätná väzba pre Ministerstvo financií Slovenskej republiky,2026-06-24,7,,,,,,,,
Táňa Žilková,Podpora inovácií a zmien,Reaguje na zmeny konštruktívne a zachováva vecný prístup aj v náročných situáciách.,6.17,6.50,6.00,6.22,5.00,27,7,14,5,61,53,87,28,7,21,5,Ministerstvo financií Slovenskej republiky,360° spätná väzba pre Ministerstvo financií Slovenskej republiky,2026-06-24,7,,,,,,,,
Táňa Žilková,Podpora inovácií a zmien,Aktívne uplatňuje nové poznatky a skúsenosti vo svojej každodennej práci.,6.83,6.00,0.00,6.63,6.00,27,7,14,5,61,53,87,28,7,21,5,Ministerstvo financií Slovenskej republiky,360° spätná väzba pre Ministerstvo financií Slovenskej republiky,2026-06-24,7,,,,,,,,
Táňa Žilková,Podpora inovácií a zmien,Osvojuje si nové pracovné návyky a systematicky ich využíva v praxi.,6.83,6.00,0.00,6.63,6.00,27,7,14,5,61,53,87,28,7,21,5,Ministerstvo financií Slovenskej republiky,360° spätná väzba pre Ministerstvo financií Slovenskej republiky,2026-06-24,7,,,,,,,,
Táňa Žilková,Profesionálna komunikácia,Myšlienky formuluje jasne a zrozumiteľne.,5.83,6.50,6.50,6.10,6.00,27,7,14,5,61,53,87,28,7,21,5,Ministerstvo financií Slovenskej republiky,360° spätná väzba pre Ministerstvo financií Slovenskej republiky,2026-06-24,7,,,,,,,,
Táňa Žilková,Profesionálna komunikácia,Pri komunikácii aktívne počúva ostatných.,6.83,7.00,7.00,6.90,6.00,27,7,14,5,61,53,87,28,7,21,5,Ministerstvo financií Slovenskej republiky,360° spätná väzba pre Ministerstvo financií Slovenskej republiky,2026-06-24,7,,,,,,,,
Táňa Žilková,Profesionálna komunikácia,Prejavuje empatiu pri komunikácii.,7.00,7.00,7.00,7.00,7.00,27,7,14,5,61,53,87,28,7,21,5,Ministerstvo financií Slovenskej republiky,360° spätná väzba pre Ministerstvo financií Slovenskej republiky,2026-06-24,7,,,,,,,,
Táňa Žilková,Profesionálna komunikácia,Rešpektuje názory ostaných.,6.67,7.00,7.00,6.80,7.00,27,7,14,5,61,53,87,28,7,21,5,Ministerstvo financií Slovenskej republiky,360° spätná väzba pre Ministerstvo financií Slovenskej republiky,2026-06-24,7,,,,,,,,
Táňa Žilková,Profesionálna komunikácia,Prispôsobuje spôsob komunikácie rôznym typom ľudí.,6.50,6.50,6.00,6.40,6.00,27,7,14,5,61,53,87,28,7,21,5,Ministerstvo financií Slovenskej republiky,360° spätná väzba pre Ministerstvo financií Slovenskej republiky,2026-06-24,7,,,,,,,,
Táňa Žilková,Profesionálna komunikácia,Podkladá svoje stanoviská vecnými argumentmi.,6.83,5.50,6.50,6.50,6.00,27,7,14,5,61,53,87,28,7,21,5,Ministerstvo financií Slovenskej republiky,360° spätná väzba pre Ministerstvo financií Slovenskej republiky,2026-06-24,7,,,,,,,,
Táňa Žilková,Profesionálna komunikácia,Vytvára konštruktívnu komunikačnú atmosféru.,6.67,6.50,7.00,6.70,6.00,27,7,14,5,61,53,87,28,7,21,5,Ministerstvo financií Slovenskej republiky,360° spätná väzba pre Ministerstvo financií Slovenskej republiky,2026-06-24,7,,,,,,,,
Táňa Žilková,Profesionálna komunikácia,Prejavuje primeranú rozhodnosť v komunikácii.,6.00,6.00,6.50,6.10,5.00,27,7,14,5,61,53,87,28,7,21,5,Ministerstvo financií Slovenskej republiky,360° spätná väzba pre Ministerstvo financií Slovenskej republiky,2026-06-24,7,,,,,,,,
Táňa Žilková,Profesionálna komunikácia,Prijíma spätnú väzbu bez osobného obranného postoja.,6.67,6.50,6.00,6.56,5.00,27,7,14,5,61,53,87,28,7,21,5,Ministerstvo financií Slovenskej republiky,360° spätná väzba pre Ministerstvo financií Slovenskej republiky,2026-06-24,7,,,,,,,,
Táňa Žilková,Profesionálna komunikácia,Pri komunikácii si zachováva profesionalitu.,6.17,6.00,6.50,6.20,6.00,27,7,14,5,61,53,87,28,7,21,5,Ministerstvo financií Slovenskej republiky,360° spätná väzba pre Ministerstvo financií Slovenskej republiky,2026-06-24,7,,,,,,,,
Táňa Žilková,Profesionálna komunikácia,Podporuje obsah komunikácie prirodzenou rečou tela.,5.83,6.50,6.00,6.00,6.00,27,7,14,5,61,53,87,28,7,21,5,Ministerstvo financií Slovenskej republiky,360° spätná väzba pre Ministerstvo financií Slovenskej republiky,2026-06-24,7,,,,,,,,
Táňa Žilková,Profesionálna komunikácia,Pri vystupovaní pred skupinou pôsobí sebaisto a dôveryhodne.,6.83,6.00,6.50,6.60,0.00,27,7,14,5,61,53,87,28,7,21,5,Ministerstvo financií Slovenskej republiky,360° spätná väzba pre Ministerstvo financií Slovenskej republiky,2026-06-24,7,,,,,,,,
Táňa Žilková,Zlepšovanie sa a napredovanie,Vie správne analyzovať a interpretovať potrebné dáta a informácie.,6.67,6.00,6.00,6.40,6.00,27,7,14,5,61,53,87,28,7,21,5,Ministerstvo financií Slovenskej republiky,360° spätná väzba pre Ministerstvo financií Slovenskej republiky,2026-06-24,7,,,,,,,,
Táňa Žilková,Zlepšovanie sa a napredovanie,V odbornosti je príkladom pre ostatných.,6.67,6.00,7.00,6.56,0.00,27,7,14,5,61,53,87,28,7,21,5,Ministerstvo financií Slovenskej republiky,360° spätná väzba pre Ministerstvo financií Slovenskej republiky,2026-06-24,7,,,,,,,,
Táňa Žilková,Zlepšovanie sa a napredovanie,Zdieľa odborné informácie s kolegami.,6.33,6.50,6.50,6.40,6.00,27,7,14,5,61,53,87,28,7,21,5,Ministerstvo financií Slovenskej republiky,360° spätná väzba pre Ministerstvo financií Slovenskej republiky,2026-06-24,7,,,,,,,,
Táňa Žilková,Zlepšovanie sa a napredovanie,Stanovuje si náročné pracovné ciele.,7.00,6.00,0.00,6.71,7.00,27,7,14,5,61,53,87,28,7,21,5,Ministerstvo financií Slovenskej republiky,360° spätná väzba pre Ministerstvo financií Slovenskej republiky,2026-06-24,7,,,,,,,,
Táňa Žilková,Zlepšovanie sa a napredovanie,"Má primeranú sebareflexiu, pozná svoje silné a slabé stránky.",6.50,6.50,0.00,6.50,6.00,27,7,14,5,61,53,87,28,7,21,5,Ministerstvo financií Slovenskej republiky,360° spätná väzba pre Ministerstvo financií Slovenskej republiky,2026-06-24,7,,,,,,,,
Táňa Žilková,Zlepšovanie sa a napredovanie,Pravidelne si plánuje aktivity zamerané na vlastný rozvoj.,6.50,0.00,5.00,6.20,6.00,27,7,14,5,61,53,87,28,7,21,5,Ministerstvo financií Slovenskej republiky,360° spätná väzba pre Ministerstvo financií Slovenskej republiky,2026-06-24,7,,,,,,,,
Táňa Žilková,Zlepšovanie sa a napredovanie,Vo svojej práci sa učí sa z chýb.,6.40,7.00,0.00,6.50,6.00,27,7,14,5,61,53,87,28,7,21,5,Ministerstvo financií Slovenskej republiky,360° spätná väzba pre Ministerstvo financií Slovenskej republiky,2026-06-24,7,,,,,,,,
Táňa Žilková,Zlepšovanie sa a napredovanie,Vyhodnocuje pravidelne svoje pracovné výsledky.,7.00,0.00,0.00,7.00,5.00,27,7,14,5,61,53,87,28,7,21,5,Ministerstvo financií Slovenskej republiky,360° spätná väzba pre Ministerstvo financií Slovenskej republiky,2026-06-24,7,,,,,,,,
Táňa Žilková,Zlepšovanie sa a napredovanie,Vyhľadáva a aktívne si pýta spätnú väzbu od ostatných.,5.83,6.00,3.00,5.56,5.00,27,7,14,5,61,53,87,28,7,21,5,Ministerstvo financií Slovenskej republiky,360° spätná väzba pre Ministerstvo financií Slovenskej republiky,2026-06-24,7,,,,,,,,
Táňa Žilková,Zlepšovanie sa a napredovanie,Je otvorený kritike.,6.33,6.50,5.00,6.22,6.00,27,7,14,5,61,53,87,28,7,21,5,Ministerstvo financií Slovenskej republiky,360° spätná väzba pre Ministerstvo financií Slovenskej republiky,2026-06-24,7,,,,,,,,
Táňa Žilková,Zlepšovanie sa a napredovanie,Využíva spätnú väzbu k svojmu zlepšovaniu.,6.40,6.00,0.00,6.29,5.00,27,7,14,5,61,53,87,28,7,21,5,Ministerstvo financií Slovenskej republiky,360° spätná väzba pre Ministerstvo financií Slovenskej republiky,2026-06-24,7,,,,,,,,
Táňa Žilková,Vedenie ľudí,Zameriava tím na kľúčové aktivity s najväčším dopadom.,6.67,5.50,5.00,6.22,6.00,27,7,14,5,61,53,87,28,7,21,5,Ministerstvo financií Slovenskej republiky,360° spätná väzba pre Ministerstvo financií Slovenskej republiky,2026-06-24,7,,,,,,,,
Táňa Žilková,Vedenie ľudí,"Vedie tím k napĺňaniu cieľov, motivuje ho k požadovným výkonom.",6.50,6.00,6.00,6.33,6.00,27,7,14,5,61,53,87,28,7,21,5,Ministerstvo financií Slovenskej republiky,360° spätná väzba pre Ministerstvo financií Slovenskej republiky,2026-06-24,7,,,,,,,,
Táňa Žilková,Vedenie ľudí,Vie efektívne delegovať úlohy a s nimi súvisiacu zodpovednosť členom tímu.,6.50,6.50,6.00,6.40,5.00,27,7,14,5,61,53,87,28,7,21,5,Ministerstvo financií Slovenskej republiky,360° spätná väzba pre Ministerstvo financií Slovenskej republiky,2026-06-24,7,,,,,,,,
Táňa Žilková,Vedenie ľudí,"Je tímový hráč, rozvíja tímového ducha u ostatných.",6.50,6.50,7.00,6.56,7.00,27,7,14,5,61,53,87,28,7,21,5,Ministerstvo financií Slovenskej republiky,360° spätná väzba pre Ministerstvo financií Slovenskej republiky,2026-06-24,7,,,,,,,,
Táňa Žilková,Vedenie ľudí,"Je neformálnou autoritou, ľudia ho vyhľadávajú ak potrebujú pomôcť.",6.83,6.00,7.00,6.67,5.00,27,7,14,5,61,53,87,28,7,21,5,Ministerstvo financií Slovenskej republiky,360° spätná väzba pre Ministerstvo financií Slovenskej republiky,2026-06-24,7,,,,,,,,
Táňa Žilková,Vedenie ľudí,Inšpiruje ostatných svojím prístupom.,6.83,6.50,7.00,6.78,0.00,27,7,14,5,61,53,87,28,7,21,5,Ministerstvo financií Slovenskej republiky,360° spätná väzba pre Ministerstvo financií Slovenskej republiky,2026-06-24,7,,,,,,,,
Táňa Žilková,Vedenie ľudí,"Je presvedčivý líder, ľudia ho nasledujú.",6.60,5.50,7.00,6.38,0.00,27,7,14,5,61,53,87,28,7,21,5,Ministerstvo financií Slovenskej republiky,360° spätná väzba pre Ministerstvo financií Slovenskej republiky,2026-06-24,7,,,,,,,,
Táňa Žilková,Vedenie ľudí,"Vie rozpoznať potenciál, talent a zručnosti členov svojho tímu.",6.83,6.50,6.00,6.67,6.00,27,7,14,5,61,53,87,28,7,21,5,Ministerstvo financií Slovenskej republiky,360° spätná väzba pre Ministerstvo financií Slovenskej republiky,2026-06-24,7,,,,,,,,
Táňa Žilková,Vedenie ľudí,Rozvíja svojich ľudí prostredníctvom stanovenia náročných cieľov.,6.60,0.00,6.00,6.50,7.00,27,7,14,5,61,53,87,28,7,21,5,Ministerstvo financií Slovenskej republiky,360° spätná väzba pre Ministerstvo financií Slovenskej republiky,2026-06-24,7,,,,,,,,
Táňa Žilková,Vedenie ľudí,Poskytuje pravidelnú spätnú väzbu členom tímu.,6.17,6.00,0.00,6.14,5.00,27,7,14,5,61,53,87,28,7,21,5,Ministerstvo financií Slovenskej republiky,360° spätná väzba pre Ministerstvo financií Slovenskej republiky,2026-06-24,7,,,,,,,,
Táňa Žilková,Vedenie ľudí,Hodnotí výkon členov tímu spravodlivo.,6.60,7.00,0.00,6.67,6.00,27,7,14,5,61,53,87,28,7,21,5,Ministerstvo financií Slovenskej republiky,360° spätná väzba pre Ministerstvo financií Slovenskej republiky,2026-06-24,7,,,,,,,,
